﻿"Name","OperatingSystem","OperatingSystemServicePack","OperatingSystemVersion"
"PRO-JSS","Windows Server 2012 R2 Standard",,"6.3 (9600)"
"DR-FILE","Windows Server 2012 R2 Standard",,"6.3 (9600)"
"DR-VEEAMPX1","Windows Server® 2008 Standard","Service Pack 2","6.0 (6002)"
"DR-SQL-2008X64","Windows Server® 2008 Standard","Service Pack 2","6.0 (6002)"
"DR-SQL-2005","Windows Server 2003","Service Pack 2","5.2 (3790)"
"DR-SHAREPOINT","Windows Server 2008 R2 Standard","Service Pack 1","6.1 (7601)"
"DR-BI","Windows Server 2012 R2 Standard",,"6.3 (9600)"
"DR-CHERWELL-TST","Windows Server 2012 R2 Standard",,"6.3 (9600)"
"DR-FAX","Windows Server 2008 R2 Standard","Service Pack 1","6.1 (7601)"
"DR-ORACLE","Windows Server 2008 R2 Enterprise","Service Pack 1","6.1 (7601)"
"DR-IMG-UTIL2","Windows Server 2012 R2 Standard",,"6.3 (9600)"
"DR-CRM-SSRS","Windows Server 2008 R2 Standard","Service Pack 1","6.1 (7601)"
"DR-BO1","Windows Server® 2008 Standard","Service Pack 2","6.0 (6002)"
"DR-REACCT","Windows Server 2008 R2 Standard","Service Pack 1","6.1 (7601)"
"DR-APP-PROD64","Windows Server 2008 R2 Standard","Service Pack 1","6.1 (7601)"
"DR-SQL-ENT","Windows Server 2008 R2 Standard","Service Pack 1","6.1 (7601)"
"DR-PROWEB-DB","Windows Server 2012 R2 Standard",,"6.3 (9600)"
"DR-CRM-APPD1","Windows Server 2012 R2 Standard",,"6.3 (9600)"
"PRO-K2-DR","Windows Server 2012 R2 Standard",,"6.3 (9600)"
"DR-CHERWELL","Windows Server 2012 R2 Standard",,"6.3 (9600)"
"OKE-INET","Windows 7 Enterprise","Service Pack 1","6.1 (7601)"
"DR-CRM-APP","Windows Server 2008 R2 Standard","Service Pack 1","6.1 (7601)"
"PRO-SEV-DR","Windows Server 2008 R2 Standard","Service Pack 1","6.1 (7601)"
"DR-HOU-WSS23","Windows Server 2003","Service Pack 2","5.2 (3790)"
"DR-CRM-APP1","Windows Server 2012 R2 Standard",,"6.3 (9600)"
"DR-HPEX-APP","Windows Server 2008 R2 Standard","Service Pack 1","6.1 (7601)"
"PRO-SQL2014-DR","Windows Server 2012 R2 Standard",,"6.3 (9600)"
"dr-nas","Samba",,"Samba for GuardianOS v5.1.041.200811211800"
"PRO-OKE-DD","Data Domain OS","Samba 3.0.25","4.5.1.4-73567"
"dr-apps","Samba",,"Samba for GuardianOS v4.2.054.200607122300"
"DR-IMG-DB","Windows Server 2012 R2 Standard",,"6.3 (9600)"
"DR-IR-SCHED","Windows Server 2003","Service Pack 2","5.2 (3790)"
"DR-IMG-APP","Windows Server 2012 R2 Standard",,"6.3 (9600)"
"DR-IR","Windows Server 2003","Service Pack 2","5.2 (3790)"
"DR-IMG-UTIL1","Windows Server 2012 R2 Standard",,"6.3 (9600)"
"OKE-PRINT","Windows Server 2012 R2 Standard",,"6.3 (9600)"
"DR-SQL-2014","Windows Server 2012 R2 Standard",,"6.3 (9600)"
"DR-BACK","Windows Server 2008 R2 Standard","Service Pack 1","6.1 (7601)"
"DR-HPEX-DB","Windows Server® 2008 Standard","Service Pack 2","6.0 (6002)"
"DR-CITRIX2","Windows Server 2003","Service Pack 2","5.2 (3790)"
"DR-CITRIX1","Windows Server 2003","Service Pack 2","5.2 (3790)"
"DR-AAC","Windows Server 2008 R2 Standard","Service Pack 1","6.1 (7601)"
"DR-XEN64-B02","Windows Server 2008 R2 Standard","Service Pack 1","6.1 (7601)"
"DR-XEN64-HOU","Windows Server 2008 R2 Standard","Service Pack 1","6.1 (7601)"
"DR-XEN64-B01","Windows Server 2008 R2 Standard","Service Pack 1","6.1 (7601)"
"DR-XEN64-A02","Windows Server 2008 R2 Standard","Service Pack 1","6.1 (7601)"
"DR-XEN64-A01","Windows Server 2008 R2 Standard","Service Pack 1","6.1 (7601)"
"DR-XEN64-HOU2","Windows Server 2008 R2 Standard","Service Pack 1","6.1 (7601)"
"DR-FTP","Windows Server 2003","Service Pack 2","5.2 (3790)"
"DR-SEP","Windows Server 2012 R2 Standard",,"6.3 (9600)"
"DR-EPIAPP","Windows Server 2012 R2 Standard",,"6.3 (9600)"
"OKE-SQL16-P1","Windows Server 2012 R2 Standard",,"6.3 (9600)"
"DR-TFS1","Windows Server 2012 R2 Standard",,"6.3 (9600)"
"DR-SQL-2012","Windows Server 2012 R2 Standard",,"6.3 (9600)"
"BHM-SQL16-P1","Windows Server 2012 R2 Standard",,"6.3 (9600)"
"IS-2008-DEV","Windows Server® 2008 Standard","Service Pack 2","6.0 (6002)"
"PRO-BI","Windows Server 2012 R2 Standard",,"6.3 (9600)"
"pro-rb-bhm",,,
"pro-rb-tpa",,,
"pro-rb-mob",,,
"pro-rb-wsh",,,
"pro-rb-cle",,,
"pro-rb-ind",,,
"pro-rb-veg",,,
"pro-rb-cha",,,
"pro-rb-aus",,,
"pro-rb-spr",,,
"pro-rb-mir",,,
"pro-rb-mad",,,
"pro-rb-chi",,,
"pro-rb-hou",,,
"pro-rb-oke",,,
"pro-rb-bhm2",,,
"pro-rb-fra",,,
"pro-rb-col",,,
"pro-rb-fay",,,
"pro-rb-rch",,,
"pro-rb-lou",,,
"BHM-NAC-CIFS","NetApp Release 8.3P1",,
"PRO-OKE-NETAPP2","OnTap",,"8.1"
"PRO-BHM-NETAPP2","OnTap",,"8.1"
"BHM-ONEVIEW-CON","Windows Server 2012 R2 Standard",,"6.3 (9600)"
"BHM-ONEVIEW-ENR","Windows Server 2012 R2 Standard",,"6.3 (9600)"
"BHM-NAC-NFS","NetApp Release 8.3P1",,
"PRO-OKE-NETAPP1","OnTap",,"8.1"
"BHM-ONEVIEW-COM","Windows Server 2012 R2 Standard",,"6.3 (9600)"
"OKE-NAC-NFS","NetApp Release 8.3P1",,
"OKE-NAC-CIFS","NetApp Release 8.3P1",,
"pro-bhm-dd3","Data Domain OS","Samba 3.0.31","4.7.3.0-140348"
"PRO-BHM-DD","Data Domain OS","Samba 3.0.25","4.5.1.4-73567"
"PRO-BHM-NETAPP1","OnTap",,"8.1"
"ESXPROD10","unknown","Likewise Identity 5.3.0","unknown"
"ESXPROD01","unknown","Likewise Identity 5.3.0","unknown"
"PRO-RB-AUS-ESX","unknown","Likewise Identity 5.3.0","unknown"
"ESXPROD11","unknown","Likewise Identity 5.3.0","unknown"
"ESXDR06","unknown","Likewise Identity 5.3.0","unknown"
"ESXDR05","unknown","Likewise Identity 5.3.0","unknown"
"ESXPROD08","unknown","Likewise Identity 5.3.0","unknown"
"ESXPROD05","unknown","Likewise Identity 5.3.0","unknown"
"ESXBC04","unknown","Likewise Identity 5.3.0","unknown"
"ESXPROD09","unknown","Likewise Identity 5.3.0","unknown"
"PRO-RB-LAN-ESX","unknown","Likewise Identity 5.3.0","unknown"
"PRO-RB-FRA-ESX","unknown","Likewise Identity 5.3.0","unknown"
"AU-ESX01","unknown","Likewise Identity 5.3.0","unknown"
"ESXDR04","unknown","Likewise Identity 5.3.0","unknown"
"AU-ESX02","unknown","Likewise Identity 5.3.0","unknown"
"AU-ESX03","unknown","Likewise Identity 5.3.0","unknown"
"AU-ESX04","unknown","Likewise Identity 5.3.0","unknown"
"ESXPROD06","unknown","Likewise Identity 5.3.0","unknown"
"PRO-RB-IND-ESX","unknown","Likewise Identity 5.3.0","unknown"
"ESXBC05","unknown","Likewise Identity 5.3.0","unknown"
"ESXDR03","unknown","Likewise Identity 5.3.0","unknown"
"ESXDR01","unknown","Likewise Identity 5.3.0","unknown"
"PRO-RB-MAD-ESX","unknown","Likewise Identity 5.3.0","unknown"
"PRO-RB-CHA-ESX","unknown","Likewise Identity 5.3.0","unknown"
"ESXPROD07","unknown","Likewise Identity 5.3.0","unknown"
"ESXPROD04","unknown","Likewise Identity 5.3.0","unknown"
"ESXPROD02","unknown","Likewise Identity 5.3.0","unknown"
"ESXPROD03","unknown","Likewise Identity 5.3.0","unknown"
"ESXDR02","unknown","Likewise Identity 5.3.0","unknown"
"PRO-AVDPD","Windows Server 2012 R2 Standard",,"6.3 (9600)"
"PRO-TASKE","Windows Server 2008 R2 Standard","Service Pack 1","6.1 (7601)"
"BHM-CASEWISE-P","Windows Server 2012 R2 Standard",,"6.3 (9600)"
"esbdevbhm",,,
"BHM-CASEWISE-D","Windows Server 2012 R2 Standard",,"6.3 (9600)"
"PRO-BI-PRC1","Windows Server 2012 R2 Standard",,"6.3 (9600)"
"PRO-BHM-SOX","Windows Server 2012 R2 Standard",,"6.3 (9600)"
"BHM-SQL16-D1","Windows Server 2012 R2 Standard",,"6.3 (9600)"
"PRO-AVDPA","Windows Server 2012 R2 Standard",,"6.3 (9600)"
"PRO-SEP","Windows Server 2012 R2 Standard",,"6.3 (9600)"
"PRO-WEB-INT1","Windows Server 2012 R2 Standard",,"6.3 (9600)"
"PRO-MEDMARC-M1","Windows Server 2012 R2 Standard",,"6.3 (9600)"
"PRO-K2-PROD","Windows Server 2012 R2 Standard",,"6.3 (9600)"
"PRO-FILEX","Windows Server® 2008 Enterprise","Service Pack 2","6.0 (6002)"
"PRO-TFS-BUILD","Windows Server 2012 R2 Standard",,"6.3 (9600)"
"DEV-SP13-APP1","Windows Server 2012 R2 Standard",,"6.3 (9600)"
"toolsdevlinux",,,
"esbtestlinux",,,
"PRO-HCPL-LOGS","Windows Server 2012 R2 Standard",,"6.3 (9600)"
"PRO-K2-UAT","Windows Server 2012 R2 Standard",,"6.3 (9600)"
"PRO-SUN-DEV-DB","Windows Server 2012 R2 Standard",,"6.3 (9600)"
"PRO-CHERWELL2","Windows Server 2012 R2 Standard",,"6.3 (9600)"
"PRO-BI-PRC2","Windows Server 2012 R2 Standard",,"6.3 (9600)"
"PRO-PRESIDIO","Windows Server 2012 R2 Standard",,"6.3 (9600)"
"DR-WEBLOGIC01","Windows Server 2012 R2 Standard",,"6.3 (9600)"
"pro-bhm-mac","OS X","CentrifyDC 5.1.3-482:W:CDC","6.1:10.9.0"
"PRO-K2-DEV","Windows Server 2012 R2 Standard",,"6.3 (9600)"
"BHM-IPAM","Windows Server 2012 R2 Standard",,"6.3 (9600)"
"PRO-SUN-DEV-APP","Windows Server 2012 R2 Standard",,"6.3 (9600)"
"PRO-WEBLOGIC01","Windows Server 2012 R2 Standard",,"6.3 (9600)"
"PRO-ESXLAB1","unknown","Likewise Identity 5.3.0","unknown"
"PRO-PWC-CONT","Windows Server 2012 R2 Standard",,"6.3 (9600)"
"LAB-CONTROLLER1","OnTap",,"NetApp Release 7.3.2"
"LAB-SP13-WFE","Windows Server 2012 Standard",,"6.2 (9200)"
"LAB-SP13-APP1","Windows Server 2012 Standard",,"6.2 (9200)"
"LAB-SP13-SQL1","Windows Server 2012 Standard",,"6.2 (9200)"
"DEV-SHAREPOINT","Windows Server 2008 R2 Standard","Service Pack 1","6.1 (7601)"
"PRO-DEV-SPOINT","Windows Server 2008 R2 Standard","Service Pack 1","6.1 (7601)"
"PRO-DEV-TDS02","Windows Server® 2008 Standard","Service Pack 2","6.0 (6002)"
"PRO-DEV-TDS01","Windows Server® 2008 Standard","Service Pack 2","6.0 (6002)"
"PRO-VEEAM","Windows Server 2012 R2 Standard",,"6.3 (9600)"
"PRO-HPEX-CRM","Windows Server 2008 R2 Standard","Service Pack 1","6.1 (7601)"
"BHM-HPE-TEST","Windows Server 2012 R2 Standard",,"6.3 (9600)"
"PRO-KANTECH-OKE","Windows Server 2008 R2 Standard","Service Pack 1","6.1 (7601)"
"PRO-LAB-UTIL","Windows Server 2012 Standard",,"6.2 (9200)"
"PRO-SCOM","Windows Server 2012 Standard",,"6.2 (9200)"
"PRO-CASPER","Windows Server 2012 R2 Standard",,"6.3 (9600)"
"PRO-BPM-01","Windows Server 2008 R2 Standard","Service Pack 1","6.1 (7601)"
"PRO-CRM-2013","Windows Server 2012 R2 Standard",,"6.3 (9600)"
"HOU-WSS23","Windows Server 2003","Service Pack 2","5.2 (3790)"
"PRO-HPEX-TSTC1","Windows Server® 2008 Standard","Service Pack 2","6.0 (6002)"
"PRO-HOU-DEV","Windows Server 2008 R2 Standard","Service Pack 1","6.1 (7601)"
"BHM-OASISBUILD7","Windows 7 Enterprise","Service Pack 1","6.1 (7601)"
"HOU-WSS3","Windows Server 2003","Service Pack 2","5.2 (3790)"
"MAPIS-DEV","Windows XP Professional","Service Pack 3","5.1 (2600)"
"MAPIS-IR-MODEL","Windows XP Professional","Service Pack 2","5.1 (2600)"
"MAPIS-MODEL","Windows XP Professional","Service Pack 3","5.1 (2600)"
"MAPIS-IR","Windows XP Professional","Service Pack 3","5.1 (2600)"
"DEV-HOU-WSS23","Windows Server 2003","Service Pack 2","5.2 (3790)"
"BHM-TFS-BUILD1","Windows Server 2012 R2 Standard",,"6.3 (9600)"
"PRO-TFS1","Windows Server 2008 R2 Standard","Service Pack 1","6.1 (7601)"
"PRO-APP-DEV","Windows Server 2008 R2 Standard","Service Pack 1","6.1 (7601)"
"PRO-SQL-DB","Windows Server 2003","Service Pack 2","5.2 (3790)"
"PRO-EDWSQL-QA","Windows Server 2012 R2 Standard",,"6.3 (9600)"
"BHM-SQL-UAT","Windows Server 2012 R2 Standard",,"6.3 (9600)"
"PRO-EDWSQL-UAT","Windows Server 2012 R2 Standard",,"6.3 (9600)"
"PRO-HPEX-DEV","Windows Server 2008 R2 Standard","Service Pack 1","6.1 (7601)"
"PRO-COGNOS-DEV","Windows Server 2012 R2 Standard",,"6.3 (9600)"
"BHMTOOLS-TEST","Windows Server 2012 R2 Standard",,"6.3 (9600)"
"BHMTOOLS-DEV","Windows Server 2012 R2 Standard",,"6.3 (9600)"
"PRO-IMG-MOD","Windows Server 2012 R2 Standard",,"6.3 (9600)"
"SHAREFILE-DEV","Windows Server 2008 R2 Standard","Service Pack 1","6.1 (7601)"
"BHM-EDWUAT-LZ","Windows Server 2012 R2 Standard",,"6.3 (9600)"
"BHM-IMG-MOD","Windows Server 2012 R2 Standard",,"6.3 (9600)"
"PRO-HPEX-CUR","Windows Server 2008 R2 Standard","Service Pack 1","6.1 (7601)"
"PRO-RHBPM-DEV","Windows Server 2012 R2 Standard",,"6.3 (9600)"
"PRO-EPIAPP-MOD","Windows Server 2012 R2 Standard",,"6.3 (9600)"
"PRO-INTALIO","Windows Server 2012 R2 Standard",,"6.3 (9600)"
"PRO-EDWSQL-DEV","Windows Server 2012 R2 Standard",,"6.3 (9600)"
"BHM-EDW-QALZ","Windows Server 2012 R2 Standard",,"6.3 (9600)"
"PRO-TFS2013","Windows Server 2008 R2 Standard","Service Pack 1","6.1 (7601)"
"PRO-EPIAPP-DEV","Windows Server 2012 R2 Standard",,"6.3 (9600)"
"CORP-TOOLS-TEST","Windows Server 2012 R2 Standard",,"6.3 (9600)"
"CORP-TOOLS-DEV","Windows Server 2012 R2 Standard",,"6.3 (9600)"
"DR-CHERWELL-TES","Windows Server 2012 R2 Standard",,"6.3 (9600)"
"PRO-EPI-DEV","Windows Server 2012 R2 Standard",,"6.3 (9600)"
"PRO-EPI-APP","Windows Server 2012 R2 Standard",,"6.3 (9600)"
"PRO-HP-NAS","Windows Storage Server 2012 R2 Standard",,"6.3 (9600)"
"PRO-HPEX-PRE","Windows Server 2008 R2 Standard","Service Pack 1","6.1 (7601)"
"PRO-CRM2015-DEV","Windows Server 2012 R2 Standard",,"6.3 (9600)"
"PRO-SQL-DEV","Windows Server 2008 R2 Standard","Service Pack 1","6.1 (7601)"
"PRO-COGNOS-UAT","Windows Server 2012 R2 Standard",,"6.3 (9600)"
"PRO-WIN7-CON2","Windows 7 Enterprise","Service Pack 1","6.1 (7601)"
"PRO-SPOINT-DEV","Windows Server 2012 R2 Standard",,"6.3 (9600)"
"PRO-CMOWEB-DEV","Windows Server 2008 R2 Standard","Service Pack 1","6.1 (7601)"
"PRO-TM1-DEV","Windows Server 2012 R2 Standard",,"6.3 (9600)"
"WEBLOGICS-DEV","Windows Server 2012 R2 Standard",,"6.3 (9600)"
"PRO-IMG-TEST","Windows Server 2003","Service Pack 2","5.2 (3790)"
"PRO-CRM-DEV1","Windows Server 2012 R2 Standard",,"6.3 (9600)"
"PRO-WEBLOGIC03","Windows Server 2012 R2 Standard",,"6.3 (9600)"
"PRO-BHM-DD2500","Data Domain OS","Samba Version 3.0.35, Likewise Version 5.2.0-48874p","5.4.0.8-404909"
"DR-VEEAM-BR","Windows Server 2012 R2 Standard",,"6.3 (9600)"
"DEV-SP13-WEB1","Windows Server 2012 R2 Standard",,"6.3 (9600)"
"BHM-CONFLUENCE","Windows Server 2012 R2 Standard",,"6.3 (9600)"
"PRO-TFS-2015","Windows Server 2012 R2 Standard",,"6.3 (9600)"
"PRO-NPM","Windows Server 2012 R2 Standard",,"6.3 (9600)"
"DEV-SQL-2012B","Windows Server 2012 R2 Standard",,"6.3 (9600)"
"PRO-CRM15-MODDB","Windows Server 2012 R2 Standard",,"6.3 (9600)"
"PRO-BHM-TMS","Windows Server 2008 R2 Standard","Service Pack 1","6.1 (7601)"
"DEV-SQL-2014","Windows Server 2012 R2 Standard",,"6.3 (9600)"
"PRO-CHERWELL3","Windows Server 2012 R2 Standard",,"6.3 (9600)"
"PRO-UC-UTIL","Windows Server 2012 R2 Standard",,"6.3 (9600)"
"PRO-CRM15-MAPP2","Windows Server 2012 R2 Standard",,"6.3 (9600)"
"PRO-CHERWELL1","Windows Server 2012 R2 Standard",,"6.3 (9600)"
"PRO-CRM15-MAPP1","Windows Server 2012 R2 Standard",,"6.3 (9600)"
"PRO-BOSON-W7","Windows 7 Enterprise","Service Pack 1","6.1 (7601)"
"PRO-APP-QA64","Windows Server 2012 R2 Standard",,"6.3 (9600)"
"PRO-KVM","Windows Server® 2008 Standard","Service Pack 2","6.0 (6002)"
"PRO-APP-PROD64","Windows Server 2008 R2 Standard","Service Pack 1","6.1 (7601)"
"SMARTDEPLOY-MAD","Windows Server 2008 R2 Standard","Service Pack 1","6.1 (7601)"
"SMARTDEPLOY-COL","Windows Server 2012 R2 Standard",,"6.3 (9600)"
"SMARTDEPLOY-TPA","Windows Server 2008 R2 Standard","Service Pack 1","6.1 (7601)"
"SMARTDEPLOY-CHI","Windows Server 2008 R2 Standard","Service Pack 1","6.1 (7601)"
"SMARTDEPLOY-VEG","Windows Server 2008 R2 Standard",,"6.1 (7600)"
"SMARTDEPLOY-OKE","Windows Server 2008 R2 Standard","Service Pack 1","6.1 (7601)"
"FRASD-J03VR87-D","Windows Server 2012 R2 Standard",,"6.3 (9600)"
"SMARTDEPLOY-LOU","Windows Server 2008 R2 Standard","Service Pack 1","6.1 (7601)"
"SMARTDEPLOY-MIR","Windows Server 2008 R2 Standard","Service Pack 1","6.1 (7601)"
"SMARTDEPLOY-IND","Windows Server 2008 R2 Standard","Service Pack 1","6.1 (7601)"
"SMARTDEPLOY-AUS","Windows Server 2008 R2 Standard","Service Pack 1","6.1 (7601)"
"SMARTDEPLOY-SPR","Windows Server 2012 R2 Standard",,"6.3 (9600)"
"SMARTDEPLOY-MOB","Windows Server 2008 R2 Standard","Service Pack 1","6.1 (7601)"
"SMARTDEPLOY-BHM","Windows Server 2008 R2 Standard","Service Pack 1","6.1 (7601)"
"SMARTDEPLOY-RCH","Windows Server 2008 R2 Standard","Service Pack 1","6.1 (7601)"
"BHMSD-J00LBKE-D","Windows Server 2012 R2 Standard",,"6.3 (9600)"
"SMARTDEPLOY-HOU","Windows Server 2008 R2 Standard","Service Pack 1","6.1 (7601)"
"SMARTDEPLOY-WSH","Windows Server 2008 R2 Standard","Service Pack 1","6.1 (7601)"
"PRO-IMG-MUTIL1","Windows Server 2012 R2 Standard",,"6.3 (9600)"
"PRO-IMG-CONV","Windows Server 2008 R2 Standard","Service Pack 1","6.1 (7601)"
"PRO-IMG-DEVCONV","Windows Server 2012 R2 Standard",,"6.3 (9600)"
"PRO-IMG-DEV","Windows Server® 2008 Standard","Service Pack 2","6.0 (6002)"
"PRO-ICON1","Windows Server 2008 R2 Standard","Service Pack 1","6.1 (7601)"
"PRO-IMG-DEVDB","Windows Server® 2008 Standard","Service Pack 2","6.0 (6002)"
"PRO-IMG-UTIL2","Windows Server 2012 R2 Standard",,"6.3 (9600)"
"PRO-ICON5","Windows Server 2008 R2 Standard","Service Pack 1","6.1 (7601)"
"PRO-ICON4","Windows Server 2008 R2 Standard","Service Pack 1","6.1 (7601)"
"BHM-IMG-PROD","Windows Server 2012 R2 Standard",,"6.3 (9600)"
"PRO-ICON2","Windows Server 2008 R2 Standard","Service Pack 1","6.1 (7601)"
"PRO-IMG-QA","Windows Server 2012 R2 Standard",,"6.3 (9600)"
"PRO-IMG-APP","Windows Server 2012 R2 Standard",,"6.3 (9600)"
"PRO-IMG-SCH64","Windows Server 2008 R2 Standard","Service Pack 1","6.1 (7601)"
"PRO-ICON3","Windows Server 2008 R2 Standard","Service Pack 1","6.1 (7601)"
"PRO-IMG-DB","Windows Server 2012 R2 Standard",,"6.3 (9600)"
"PRO-IMG-UTIL1","Windows Server 2012 R2 Standard",,"6.3 (9600)"
"PROWEB-DEV","Windows Server 2008 R2 Standard","Service Pack 1","6.1 (7601)"
"PROWEB-APP-PROD","Windows Server 2008 R2 Standard","Service Pack 1","6.1 (7601)"
"PROWEB-APP-DEV","Windows Server 2008 R2 Standard","Service Pack 1","6.1 (7601)"
"PROWEB-APP-DR","Windows Server 2008 R2 Standard","Service Pack 1","6.1 (7601)"
"PROWEB-APP-MOD","Windows Server 2008 R2 Standard","Service Pack 1","6.1 (7601)"
"DEV-SQL-2012","Windows Server 2012 R2 Standard",,"6.3 (9600)"
"PRO-APP-MOD64","Windows Server 2008 R2 Standard","Service Pack 1","6.1 (7601)"
"PRO-XEN-A12","Windows Server 2003","Service Pack 2","5.2 (3790)"
"PRO-XEN-A11","Windows Server 2003","Service Pack 2","5.2 (3790)"
"PRO-XEN-POC","Windows Server 2003","Service Pack 2","5.2 (3790)"
"PRO-XEN-A13","Windows Server 2003","Service Pack 2","5.2 (3790)"
"PRO-XEN-A01","Windows Server 2003","Service Pack 2","5.2 (3790)"
"PRO-XEN64-C01","Windows Server 2008 R2 Standard","Service Pack 1","6.1 (7601)"
"PRO-EDGESIGHT","Windows Server 2008 R2 Standard","Service Pack 1","6.1 (7601)"
"PRO-XEN64-A12","Windows Server 2008 R2 Standard","Service Pack 1","6.1 (7601)"
"PRO-XEN64-A11","Windows Server 2008 R2 Standard","Service Pack 1","6.1 (7601)"
"PRO-XEN64-D01","Windows Server 2008 R2 Standard","Service Pack 1","6.1 (7601)"
"PRO-XEN64-A14","Windows Server 2008 R2 Standard","Service Pack 1","6.1 (7601)"
"PRO-XEN64-E02","Windows Server 2008 R2 Standard","Service Pack 1","6.1 (7601)"
"PRO-XEN64-D02","Windows Server 2008 R2 Standard","Service Pack 1","6.1 (7601)"
"PRO-XEN64-A17","Windows Server 2008 R2 Standard","Service Pack 1","6.1 (7601)"
"PRO-XEN64-A05","Windows Server 2008 R2 Standard","Service Pack 1","6.1 (7601)"
"PRO-XEN64-B04","Windows Server 2008 R2 Standard","Service Pack 1","6.1 (7601)"
"PRO-XEN64-A21","Windows Server 2008 R2 Standard","Service Pack 1","6.1 (7601)"
"PRO-XEN64-A18","Windows Server 2008 R2 Standard","Service Pack 1","6.1 (7601)"
"PRO-XEN64-A06","Windows Server 2008 R2 Standard","Service Pack 1","6.1 (7601)"
"PRO-XEN64-B06","Windows Server 2008 R2 Standard","Service Pack 1","6.1 (7601)"
"PRO-XEN64-B03","Windows Server 2008 R2 Standard","Service Pack 1","6.1 (7601)"
"PRO-XEN64-A09","Windows Server 2008 R2 Standard","Service Pack 1","6.1 (7601)"
"PRO-XEN64-B02","Windows Server 2008 R2 Standard","Service Pack 1","6.1 (7601)"
"PRO-XEN64-A15","Windows Server 2008 R2 Standard","Service Pack 1","6.1 (7601)"
"PRO-XEN64-B01","Windows Server 2008 R2 Standard","Service Pack 1","6.1 (7601)"
"PRO-XEN64-A03","Windows Server 2008 R2 Standard","Service Pack 1","6.1 (7601)"
"PRO-XEN64-H02","Windows Server 2008 R2 Standard","Service Pack 1","6.1 (7601)"
"PRO-XEN64-E01","Windows Server 2008 R2 Standard","Service Pack 1","6.1 (7601)"
"PRO-XEN64-A04","Windows Server 2008 R2 Standard","Service Pack 1","6.1 (7601)"
"PRO-XEN64-A13","Windows Server 2008 R2 Standard","Service Pack 1","6.1 (7601)"
"PRO-XEN64-D03","Windows Server 2008 R2 Standard","Service Pack 1","6.1 (7601)"
"PRO-XEN64-A01","Windows Server 2008 R2 Standard","Service Pack 1","6.1 (7601)"
"PRO-XEN64-C02","Windows Server 2008 R2 Standard","Service Pack 1","6.1 (7601)"
"PRO-XEN64-A07","Windows Server 2008 R2 Standard","Service Pack 1","6.1 (7601)"
"PRO-XEN64-B05","Windows Server 2008 R2 Standard","Service Pack 1","6.1 (7601)"
"PRO-XEN64-A08","Windows Server 2008 R2 Standard","Service Pack 1","6.1 (7601)"
"PRO-XEN64-H01","Windows Server 2008 R2 Standard","Service Pack 1","6.1 (7601)"
"PRO-XEN64-A16","Windows Server 2008 R2 Standard","Service Pack 1","6.1 (7601)"
"PRO-XEN64-A19","Windows Server 2008 R2 Standard","Service Pack 1","6.1 (7601)"
"PRO-XEN64-A10","Windows Server 2008 R2 Standard","Service Pack 1","6.1 (7601)"
"PRO-XEN64-ZDC","Windows Server 2008 R2 Standard","Service Pack 1","6.1 (7601)"
"PRO-XEN64-A22","Windows Server 2008 R2 Standard","Service Pack 1","6.1 (7601)"
"PRO-XEN64-F01","Windows Server 2008 R2 Standard","Service Pack 1","6.1 (7601)"
"PRO-XEN64-M02","Windows Server 2008 R2 Standard","Service Pack 1","6.1 (7601)"
"PRO-XEN64-M01","Windows Server 2008 R2 Standard","Service Pack 1","6.1 (7601)"
"PRO-XEN64-A20","Windows Server 2008 R2 Standard","Service Pack 1","6.1 (7601)"
"PRO-XEN64-A02","Windows Server 2008 R2 Standard","Service Pack 1","6.1 (7601)"
"PRO-XEN64-A23","Windows Server 2008 R2 Standard","Service Pack 1","6.1 (7601)"
"PRO-XEN64-A24","Windows Server 2008 R2 Standard","Service Pack 1","6.1 (7601)"
"PRO-XEN64-A25","Windows Server 2008 R2 Standard","Service Pack 1","6.1 (7601)"
"PRO-XEN64-A26","Windows Server 2008 R2 Standard","Service Pack 1","6.1 (7601)"
"PRO-XEN64-A27","Windows Server 2008 R2 Standard","Service Pack 1","6.1 (7601)"
"PRO-XEN64-H03","Windows Server 2008 R2 Standard","Service Pack 1","6.1 (7601)"
"PRO-XEN64-LIC","Windows Server 2008 R2 Standard","Service Pack 1","6.1 (7601)"
"PRO-TRI2K8","Windows Server 2008 R2 Standard","Service Pack 1","6.1 (7601)"
"PRO-TRICENTIS-2","Windows Server 2008 R2 Standard","Service Pack 1","6.1 (7601)"
"PRO-XEN64-DEV","Windows Server 2008 R2 Standard","Service Pack 1","6.1 (7601)"
"PRO-HOUSTON-M","Windows Server 2008 R2 Standard","Service Pack 1","6.1 (7601)"
"PRO-HOUSTON2","Windows Server 2008 R2 Standard","Service Pack 1","6.1 (7601)"
"PRO-HOUSTON","Windows Server 2008 R2 Standard","Service Pack 1","6.1 (7601)"
"PRO-RCT-MODEL","Windows Server 2012 R2 Standard",,"6.3 (9600)"
"PRO-PRINT2","Windows Server 2012 R2 Standard",,"6.3 (9600)"
"AV-PRADAG1",,,
"PRO-BHM-EXSMBR","Windows Server 2012 R2 Standard",,"6.3 (9600)"
"PRO-EMAIL2","Windows Server 2003","Service Pack 2","5.2 (3790)"
"BHM-EX2","Windows Server 2012 R2 Standard",,"6.3 (9600)"
"PRO-BHM-EXMB1","Windows Server 2008 R2 Enterprise","Service Pack 1","6.1 (7601)"
"PRO-OKE-EXMB1","Windows Server 2008 R2 Enterprise","Service Pack 1","6.1 (7601)"
"PRO-BHM-EXCH1","Windows Server 2008 R2 Standard","Service Pack 1","6.1 (7601)"
"MED-EXWIT1","Windows Server 2012 R2 Standard",,"6.3 (9600)"
"PRO-EMAIL",,,
"PRO-BHM-EXMB2","Windows Server 2008 R2 Enterprise","Service Pack 1","6.1 (7601)"
"BHM-EX1","Windows Server 2012 R2 Standard",,"6.3 (9600)"
"PRADAG1",,,
"BHM-EXOFFICE","Windows Server 2012 R2 Standard",,"6.3 (9600)"
"PRO-EMAIL1","Windows Server 2003","Service Pack 2","5.2 (3790)"
"EXCH2016ASA",,,
"OKE-EX1","Windows Server 2012 R2 Standard",,"6.3 (9600)"
"OKE-EX2","Windows Server 2012 R2 Standard",,"6.3 (9600)"
"PRO-PRESIDIO-S","Windows Server 2012 R2 Standard",,"6.3 (9600)"
"MAPISIND","Windows XP Professional","Service Pack 3","5.1 (2600)"
"MAPISWSH","Windows XP Professional","Service Pack 2","5.1 (2600)"
"MAPISBHM","Windows XP Professional","Service Pack 3","5.1 (2600)"
"MAPISMO","Windows XP Professional","Service Pack 2","5.1 (2600)"
"MAPISFLA","Windows XP Professional","Service Pack 2","5.1 (2600)"
"MAPISWIS","Windows XP Professional","Service Pack 2","5.1 (2600)"
"MAPIS-OKE2","Windows XP Professional","Service Pack 2","5.1 (2600)"
"PRO-FILE","Windows Server® 2008 Enterprise","Service Pack 2","6.0 (6002)"
"PRO-HPEX-MOD","Windows Server 2008 R2 Standard","Service Pack 1","6.1 (7601)"
"PRO-RDS-01","Windows Server 2012 R2 Standard",,"6.3 (9600)"
"PRO-LICENSING","Windows Server 2008 R2 Enterprise","Service Pack 1","6.1 (7601)"
"PRO-RCT-PROD","Windows Server 2012 R2 Standard",,"6.3 (9600)"
"PRO-SENSAPHONE1","Windows XP Professional","Service Pack 2","5.1 (2600)"
"BHM-LIVENX","Windows Server 2012 R2 Standard",,"6.3 (9600)"
"PRO-EDWSQL-PROD","Windows Server 2012 R2 Standard",,"6.3 (9600)"
"PRO-DB-MON","Windows Server® 2008 Standard","Service Pack 2","6.0 (6002)"
"PRO-SQL-2014","Windows Server 2012 R2 Standard",,"6.3 (9600)"
"PRO-SQL-VM02","Windows Server 2003","Service Pack 2","5.2 (3790)"
"PRO-SQL-2008","Windows Server 2008 R2 Standard","Service Pack 1","6.1 (7601)"
"BHM-EDWPROD-LZ","Windows Server 2012 R2 Standard",,"6.3 (9600)"
"PRO-IS-SQL","Windows Server 2003","Service Pack 1","5.2 (3790)"
"PRO-SQL-ENT","Windows Server 2008 R2 Enterprise","Service Pack 1","6.1 (7601)"
"PRO-SQL-2005","Windows Server 2003","Service Pack 2","5.2 (3790)"
"BHM-SQL-2016","Windows Server 2012 R2 Standard",,"6.3 (9600)"
"PRO-SQL-VM01","Windows Server 2003","Service Pack 2","5.2 (3790)"
"PRO-SQL-VX01","Windows Server® 2008 Standard","Service Pack 2","6.0 (6002)"
"PRO-CRM-DBX","Windows Server 2012 R2 Standard",,"6.3 (9600)"
"PRO-PRESIDIO-AD","Windows Server 2012 R2 Standard",,"6.3 (9600)"
"PRO-OKE-NEXPOSE","Windows Server 2008 R2 Standard","Service Pack 1","6.1 (7601)"
"PRO-IIS","Windows Server 2003","Service Pack 2","5.2 (3790)"
"PRO-EPIAPP-UAT","Windows Server 2012 R2 Standard",,"6.3 (9600)"
"PRO-CMOWEB-PROD","Windows Server 2008 R2 Standard","Service Pack 1","6.1 (7601)"
"PRO-EPI-UAT","Windows Server 2012 R2 Standard",,"6.3 (9600)"
"PRO-IIS-APP","Windows Server® 2008 Standard","Service Pack 2","6.0 (6002)"
"PRO-SQL-OPS","Windows Server 2008 R2 Standard","Service Pack 1","6.1 (7601)"
"PRO-OPS","Windows Server 2012 R2 Standard",,"6.3 (9600)"
"PRO-PRINT1","Windows Server 2008 R2 Standard","Service Pack 1","6.1 (7601)"
"PRO-SHAREFILE","Windows Server 2008 R2 Standard","Service Pack 1","6.1 (7601)"
"BHM-SECURE-GW","Windows Server 2012 R2 Standard",,"6.3 (9600)"
"PRO-CM-2012","Windows Server 2008 R2 Standard","Service Pack 1","6.1 (7601)"
"PRO-CHERWELL","Windows Server 2012 R2 Standard",,"6.3 (9600)"
"BHM-NUGET","Windows Server 2012 R2 Standard",,"6.3 (9600)"
"PRO-UTIL-2012","Windows Server 2012 R2 Standard",,"6.3 (9600)"
"DEVSHAREFILE","Windows Server 2008 R2 Standard","Service Pack 1","6.1 (7601)"
"PRO-SEE","Windows Server 2012 R2 Standard",,"6.3 (9600)"
"PRO-VCENTER","Windows Server 2012 R2 Standard",,"6.3 (9600)"
"PRO-DSYNC","Windows Server® 2008 Standard","Service Pack 2","6.0 (6002)"
"PRO-ADFS","Windows Server 2008 R2 Standard","Service Pack 1","6.1 (7601)"
"PRO-AVAMAR","Windows Server 2012 R2 Standard",,"6.3 (9600)"
"BHM-PAS-CONT","Windows Server 2012 R2 Standard",,"6.3 (9600)"
"BHM-SQL-CORP","Windows Server 2012 R2 Standard",,"6.3 (9600)"
"PRO-GEMS","Windows Server 2012 R2 Standard",,"6.3 (9600)"
"PRO-BACKUP","Windows Server 2008 R2 Standard","Service Pack 1","6.1 (7601)"
"BHM-VEEAM-BR","Windows Server 2012 R2 Standard",,"6.3 (9600)"
"PRO-FAX","Windows Server 2008 R2 Standard","Service Pack 1","6.1 (7601)"
"PRO-DYNAMICS","Windows Server 2012 R2 Standard",,"6.3 (9600)"
"PRO-DIRSYNC","Windows Server 2008 R2 Standard","Service Pack 1","6.1 (7601)"
"PRO-KANTECH-BHM","Windows Server 2008 R2 Standard","Service Pack 1","6.1 (7601)"
"BHM-CALLREC","Windows Server 2012 R2 Standard",,"6.3 (9600)"
"PRO-BHM-HD01","Windows Server 2012 R2 Standard",,"6.3 (9600)"
"PRO-EMC-ESRS","Windows Server 2008 R2 Standard","Service Pack 1","6.1 (7601)"
"CENTRAL","Windows 2000 Server","Service Pack 4","5.0 (2195)"
"PRO-CRM-APPX1","Windows Server 2012 R2 Standard",,"6.3 (9600)"
"PRO-CRM-SSRSX","Windows Server 2012 R2 Standard",,"6.3 (9600)"
"PRO-CRM-APPX2","Windows Server 2012 R2 Standard",,"6.3 (9600)"
"PRO-CA","Windows Server 2012 R2 Standard",,"6.3 (9600)"
"PRO-WEBLOGIC02","Windows Server 2012 R2 Standard",,"6.3 (9600)"
"BHMTOOLS-PROD","Windows Server 2012 R2 Standard",,"6.3 (9600)"
"BHM-COGNOSEDW","Windows Server 2012 R2 Standard",,"6.3 (9600)"
"BHM-KMS","Windows Server 2012 R2 Standard",,"6.3 (9600)"
"DR-VSPHERE","Windows Server 2008 R2 Standard","Service Pack 1","6.1 (7601)"
"PRO-VEEAMPX3","Windows Server 2008 R2 Standard",,"6.1 (7600)"
"PRO-VM-UTIL","Windows Server 2008 R2 Standard","Service Pack 1","6.1 (7601)"
"DR-VSQL","Windows Server 2003","Service Pack 2","5.2 (3790)"
"PRO-VSPHERE","Windows Server 2008 R2 Standard","Service Pack 1","6.1 (7601)"
"PROMANAGEENGINE","Windows Server 2012 R2 Standard",,"6.3 (9600)"
"PROD-SQL-2012","Windows Server 2012 R2 Standard",,"6.3 (9600)"
"OKE-VM-UTIL","Windows Server 2008 R2 Standard","Service Pack 1","6.1 (7601)"
"PRO-VEEAM1","Windows Server 2008 R2 Standard",,"6.1 (7600)"
"PROSUNAPP","Windows Server 2008 R2 Standard",,"6.1 (7600)"
"DR-SUNDB","Windows Server 2012 R2 Standard",,"6.3 (9600)"
"PRO-SUN-MOD-APP","Windows Server 2012 R2 Standard",,"6.3 (9600)"
"PRO-SUN-MOD-SQL","Windows Server 2012 R2 Standard",,"6.3 (9600)"
"PROSUNDB","Windows Server 2008 R2 Standard",,"6.1 (7600)"
"DR-SUNAPP","Windows Server 2012 R2 Standard",,"6.3 (9600)"
"PRO-SUN-APP1","Windows Server 2012 R2 Standard",,"6.3 (9600)"
"PRO-SUN-SQL","Windows Server 2012 R2 Standard",,"6.3 (9600)"
"PRO-TAM-PROD","Windows Server 2012 R2 Standard",,"6.3 (9600)"
"PRO-PRESIDIO-Q","Windows Server 2012 R2 Standard",,"6.3 (9600)"
"PRO-HPEX-APP","Windows Server 2008 R2 Standard","Service Pack 1","6.1 (7601)"
"PRO-BHM-NEXPOSE","Windows Server 2008 R2 Standard","Service Pack 1","6.1 (7601)"
"BHM-TFS1","Windows Server 2012 R2 Standard",,"6.3 (9600)"
"PRO-CRM-MODAPP1","Windows Server 2008 R2 Standard","Service Pack 1","6.1 (7601)"
"PRO-CRM-SSRS","Windows Server 2008 R2 Standard","Service Pack 1","6.1 (7601)"
"PRO-TM1-PROD","Windows Server 2012 R2 Standard",,"6.3 (9600)"
"PRO-SENSAPHONE","Windows 7 Enterprise",,"6.1 (7600)"
"PRO-BO-PRC1","Windows Server® 2008 Standard","Service Pack 2","6.0 (6002)"
"PRO-SEV-CA","Windows Server 2008 R2 Standard","Service Pack 1","6.1 (7601)"
"PRO-HOU-AUTO","Windows Server 2008 R2 Standard","Service Pack 1","6.1 (7601)"
"PRO-BDSMF","Windows Server 2008 R2 Standard","Service Pack 1","6.1 (7601)"
"PRO-UTIL-01","Windows Server 2003","Service Pack 2","5.2 (3790)"
"DSG1","Windows Server 2012 R2 Standard",,"6.3 (9600)"
"PRO-SP13-WEB1","Windows Server 2012 R2 Standard",,"6.3 (9600)"
"SHAREPOINT","Windows Server 2008 R2 Standard","Service Pack 1","6.1 (7601)"
"PRO-CRM-DEV","Windows Server 2008 R2 Standard","Service Pack 1","6.1 (7601)"
"PRO-CRM-MODSSRS","Windows Server 2008 R2 Standard","Service Pack 1","6.1 (7601)"
"PROREACCT-MODEL","Windows Server 2008 R2 Standard","Service Pack 1","6.1 (7601)"
"PRO-SEV","Windows Server 2008 R2 Standard","Service Pack 1","6.1 (7601)"
"PRO-UPTIVITY2","Windows Server 2008 R2 Standard","Service Pack 1","6.1 (7601)"
"PRO-CRM-APP2","Windows Server 2008 R2 Standard","Service Pack 1","6.1 (7601)"
"PRO-UPTIVITY1","Windows Server 2008 R2 Standard","Service Pack 1","6.1 (7601)"
"BHM-INET","Windows 7 Enterprise","Service Pack 1","6.1 (7601)"
"PRO-GOOD","Windows Server 2008 R2 Standard","Service Pack 1","6.1 (7601)"
"PRO-CRM-MODDB","Windows Server 2008 R2 Standard","Service Pack 1","6.1 (7601)"
"PRO-APP1","Windows Server® 2008 Standard","Service Pack 2","6.0 (6002)"
"PRO-CRM-DB","Windows Server 2008 R2 Standard","Service Pack 1","6.1 (7601)"
"PRO-GOOD-DYN","Windows Server 2008 R2 Standard","Service Pack 1","6.1 (7601)"
"PRO-CRM-MODAPP2","Windows Server 2008 R2 Standard","Service Pack 1","6.1 (7601)"
"BHM-BES","Windows Server 2012 R2 Standard",,"6.3 (9600)"
"PRO-REACCT","Windows Server 2008 R2 Standard","Service Pack 1","6.1 (7601)"
"PRO-SP13-APP1","Windows Server 2012 R2 Standard",,"6.3 (9600)"
"PRO-MACUTIL","Windows Server 2008 R2 Standard","Service Pack 1","6.1 (7601)"
"PRO-CRM-APP1","Windows Server 2008 R2 Standard","Service Pack 1","6.1 (7601)"
"PRO-BO-PRC2","Windows Server® 2008 Standard","Service Pack 2","6.0 (6002)"
"SHAREPOINT-APP","Windows Server 2008 R2 Standard","Service Pack 1","6.1 (7601)"
"PRO-SEV-DA","Windows Server 2008 R2 Standard","Service Pack 1","6.1 (7601)"
"PRO-ORION","Windows Server 2008 R2 Standard","Service Pack 1","6.1 (7601)"
"PRO-BHM-UTIL","Windows Server 2008 R2 Standard","Service Pack 1","6.1 (7601)"
"PRO-BO1","Windows Server® 2008 Standard","Service Pack 2","6.0 (6002)"
