#TYPE Selected.Citrix.XenApp.Commands.XAApplicationReport
"BrowserName","ApplicationType","Enabled","accounts","servernames","workergroupnames","FolderPath","CommandLineExecutable","ClientFolder","StartMenuFolder","EncryptionLevel","EncryptionRequired","WindowType","ColorDepth"
"ImageRight 5_7","ServerInstalled","True","CORPORATE\Citrix Admin CORPORATE\ImageRight Admins CORPORATE\dmeans CORPORATE\vivi CORPORATE\ImageRight5 CORPORATE\gtest CORPORATE\jtest","PRO-XEN64-M02 PRO-XEN64-M01","","Applications/ImageRight 5 - New Version","""C:\Program Files (x86)\ProAssurance Corporation\MeToME\PRA.MeToMe.exe""","ImageRight 5 Model","","Basic","False","1024x768","Colors32Bit"
"ImageRight Management Console 5_7 MODE","ServerInstalled","True","CORPORATE\brussell CORPORATE\Citrix Admin CORPORATE\ImageRight Admins CORPORATE\vivi CORPORATE\jwright","PRO-XEN64-M02 PRO-XEN64-M01","","Applications/ImageRight 5 - New Version","""C:\Program Files (x86)\ImageRight\Clients\imageright.emc.exe""","ImageRight 5 - New Version","","Basic","False","1024x768","Colors32Bit"
"ImageRight Workflow Studio 5_7 Model","ServerInstalled","True","CORPORATE\brussell CORPORATE\Citrix Admin CORPORATE\ImageRight Admins CORPORATE\vivi","PRO-XEN64-M02 PRO-XEN64-M01","","Applications/ImageRight 5 - New Version","""C:\Program Files (x86)\ImageRight\Clients\imageright.workflow.studio.exe""","ImageRight 5 - New Version","","Basic","False","1024x768","Colors32Bit"
"Compass","ServerInstalled","True","CORPORATE\jtest CORPORATE\bskinner CORPORATE\rballard CORPORATE\ajesser CORPORATE\vivi CORPORATE\dbrown CORPORATE\Citrix Admin CORPORATE\kmalin CORPORATE\Houston Office CORPORATE\jchiarella CORPORATE\dkarr CORPORATE\lmorse CORPORATE\gtest CORPORATE\Compass Users CORPORATE\cknight CORPORATE\jbiddle CORPORATE\jmendez CORPORATE\bhill CORPORATE\jphillips CORPORATE\jcalhoun PICA_NT\mmcgee","PRO-HOUSTON2 PRO-HOUSTON","","Applications/Houston","C:\batch\houston\Compass\Compass.cmd","Houston","Citrix Applications\Houston","Basic","False","100%","Colors32Bit"
"NotePad Pro-Houston","ServerInstalled","True","CORPORATE\Citrix Admin CORPORATE\ CORPORATE\","PRO-HOUSTON2","","Applications/Notepad","C:\Windows\notepad.exe","Notepad","Citrix Applications\Notepad","Basic","False","1024x768","Colors32Bit"
"ADMIN - PRO-HOUSTON","ServerDesktop","True","CORPORATE\Citrix Admin","PRO-HOUSTON","","Applications/Desktops",,"Admin Desktops","Admin Desktops","Basic","False","1024x768","Colors32Bit"
"Compass - Model","ServerInstalled","True","CORPORATE\ajesser CORPORATE\Citrix Admin CORPORATE\kmalin CORPORATE\dmayfield CORPORATE\pakula CORPORATE\rllenes CORPORATE\mniessl CORPORATE\dmckee CORPORATE\jwright CORPORATE\vivi CORPORATE\slivingston CORPORATE\bmyers CORPORATE\rgreen CORPORATE\kmann CORPORATE\dmeans CORPORATE\jselph CORPORATE\cholcombe CORPORATE\rbell CORPORATE\canthony CORPORATE\bbowen CORPORATE\jphillips CORPORATE\jcalhoun CORPORATE\ddearman","PRO-HOUSTON-M","","Applications/Compass Apps","C:\batch\houston\Compass\CompassMod.cmd","Compass","Citrix Applications\Compass","Basic","False","100%","Colors32Bit"
"Compass - Dev","ServerInstalled","True","CORPORATE\ajesser CORPORATE\Citrix Admin CORPORATE\kmalin CORPORATE\lrhodes CORPORATE\dmayfield CORPORATE\gtest CORPORATE\jselph CORPORATE\jphillips CORPORATE\jcalhoun","PRO-HOUSTON-M","","Applications/Compass Apps","C:\batch\houston\Compass\CompassDEV.cmd","Compass","Citrix Applications\Compass","Basic","False","100%","Colors32Bit"
"Quickbooks","ServerInstalled","True","CORPORATE\Citrix Admin CORPORATE\ CORPORATE\vivi CORPORATE\tsims CORPORATE\avarden CORPORATE\rplugge CORPORATE\lmorse CORPORATE\apgonzalez","PRO-HOUSTON2 PRO-HOUSTON","","Applications/Houston","C:\batch\houston\quickbooks\quickbooks.bat","Houston","Citrix Applications\Houston","Basic","False","1024x768","Colors32Bit"
"ADMIN - PRO-HOUSTON2","ServerDesktop","True","CORPORATE\Citrix Admin","PRO-HOUSTON2","","Applications/Desktops",,"Admin Desktops","Admin Desktops","Basic","False","1024x768","Colors32Bit"
"Citrix AppCenter - XenApp 65 Productio","ServerInstalled","True","CORPORATE\Citrix Admin","PRO-XEN64-B06 PRO-XEN64-B04 PRO-XEN64-B03 PRO-XEN64-B05","","Applications/Admin Tools","""C:\Program Files (x86)\Citrix\Citrix Delivery Services Console\Framework\CmiLaunch.exe""","Admin Tools","Citrix Applications\Admin Tools","Basic","False","1280x1024","Colors32Bit"
"Compass2","ServerInstalled","True","CORPORATE\dkarr CORPORATE\gbromley CORPORATE\rbell CORPORATE\Citrix Admin CORPORATE\jesparza CORPORATE\vmartinez CORPORATE\cholcombe CORPORATE\Houston Office CORPORATE\bhill CORPORATE\jphillips CORPORATE\jcalhoun CORPORATE\ddearman","PRO-HOUSTON2","","Applications/Compass Apps","C:\batch\houston\Compass\Compass.cmd","Compass Apps","Citrix Applications\Compass Apps","Basic","False","100%","Colors32Bit"
"Basecamp","ServerInstalled","True","CORPORATE\Citrix Admin CORPORATE\eodenwald CORPORATE\mhakim CORPORATE\ahamming CORPORATE\gbromley","PRO-XEN64-A01","","Applications/Web Links","""C:\Program Files (x86)\Internet Explorer\iexplore.exe"" https://basecamp.com","\Web Links","","Basic","False","1024x768","Colors32Bit"
"Compass1","ServerInstalled","True","CORPORATE\gbromley CORPORATE\Citrix Admin CORPORATE\jesparza CORPORATE\vmartinez CORPORATE\rbell CORPORATE\cholcombe CORPORATE\Houston Office CORPORATE\bhill CORPORATE\jphillips CORPORATE\jcalhoun CORPORATE\ddearman","PRO-HOUSTON","","Applications/Compass Apps","C:\batch\houston\Compass\Compass.cmd","Compass Apps","Citrix Applications\Compass Apps","Basic","False","100%","Colors32Bit"
"Compass - Cur","ServerInstalled","True","CORPORATE\ajesser CORPORATE\Citrix Admin CORPORATE\kmalin CORPORATE\cburton CORPORATE\lmorse CORPORATE\pakula CORPORATE\dmckee CORPORATE\jwright CORPORATE\vivi CORPORATE\slivingston CORPORATE\bmyers CORPORATE\canthony CORPORATE\rgreen CORPORATE\kmann CORPORATE\dmeans CORPORATE\jselph CORPORATE\cholcombe CORPORATE\lrouse CORPORATE\jphillips CORPORATE\jcalhoun CORPORATE\ddearman","PRO-HOUSTON-M","","Applications/Compass Apps","C:\batch\houston\Compass\CompassCur.cmd","Compass","Citrix Applications\Compass","Basic","False","100%","Colors32Bit"
"Executive Query","ServerInstalled","True","CORPORATE\brussell CORPORATE\rballard CORPORATE\SunSystems Users CORPORATE\gbromley HAMILTON\lhunt HAMILTON\kwilliams","PRO-XEN64-A02","","Applications/Sun Systems 6","""C:\Program Files (x86)\Infor\Query and Analysis\LsExec.exe"" /Q1","\Sun Systems 6","","Basic","False","1024x768","Colors32Bit"
"Infor XL 64","ServerInstalled","True","CORPORATE\brussell CORPORATE\e&y CORPORATE\mheim CORPORATE\rballard CORPORATE\ CORPORATE\SunSystems Users CORPORATE\Citrix Admin HAMILTON\lhunt HAMILTON\kwilliams","PRO-XEN64-A02","","Applications/Sun Systems 6","""C:\Program Files (x86)\Microsoft Office\Office14\EXCEL.EXE""","\Sun Systems 6","","Basic","False","1024x768","Colors32Bit"
"Query & Analysis","ServerInstalled","True","CORPORATE\brussell CORPORATE\ CORPORATE\jyonfa CORPORATE\rballard CORPORATE\","PRO-XEN64-A02","","Applications/Sun Systems 6","""C:\Program Files (x86)\Infor\Query and Analysis\LsExec.exe""","\Sun Systems 6","","Basic","False","1024x768","Colors32Bit"
"Sun Systems","ServerInstalled","True","CORPORATE\brussell CORPORATE\rballard CORPORATE\ CORPORATE\SunSystems Users CORPORATE\Citrix Admin HAMILTON\lhunt HAMILTON\kwilliams","PRO-XEN64-A02","","Applications/Sun Systems 6","""C:\Program Files (x86)\Infor\SunSystems\SunSystems.V5.exe""","\Sun Systems 6","","Basic","False","1024x768","Colors32Bit"
"User Manager","ServerInstalled","True","CORPORATE\brussell CORPORATE\ CORPORATE\jyonfa CORPORATE\rballard CORPORATE\ CORPORATE\gbromley","PRO-XEN64-A02","","Applications/Sun Systems 6","""C:\Program Files (x86)\Infor\SunSystems\UserManager.exe""","\Sun Systems 6","","Basic","False","1024x768","Colors32Bit"
"ExcelAddInRemoveAdd","ServerInstalled","True","CORPORATE\gbromley CORPORATE\rballard CORPORATE\SunSystems Users HAMILTON\lhunt HAMILTON\kwilliams","PRO-XEN64-A02","","Applications/Sun Systems 6","""C:\Program Files (x86)\Infor\Query and Analysis\ExcelAddinRemoveAdd.exe""","\Sun Systems 6","","Basic","False","1024x768","Colors32Bit"
"Quickbooks Model","ServerInstalled","True","CORPORATE\ajesser CORPORATE\ CORPORATE\kmalin CORPORATE\Citrix Admin CORPORATE\ CORPORATE\slivingston CORPORATE\bmyers","PRO-HOUSTON-M","","Applications/Compass Apps","C:\batch\houston\quickbooks\quickbooks.bat","Compass","","Basic","False","1024x768","Colors32Bit"
"Citrix AppCenter","ServerInstalled","True","CORPORATE\Citrix Admin CORPORATE\jbyrd CORPORATE\ghenige CORPORATE\cdavis CORPORATE\kcoley CORPORATE\kbergeron CORPORATE\Desktop Support","PRO-XEN64-A01","","Applications/Admin Tools","C:\windows\system32\mmc.exe ""C:\Program Files (x86)\Citrix\Citrix Delivery Services Console\Framework\Cmi60.msc""","Admin Tools","Citrix Applications\Admin Tools","Basic","False","1024x768","Colors32Bit"
"pro-houston - test desktop","ServerDesktop","True","CORPORATE\Citrix Admin CORPORATE\","PRO-HOUSTON","","Applications/Desktops",,"\Desktops","","Basic","False","1024x768","Colors32Bit"
"Pro-houston-m - Test Desktop","ServerDesktop","True","CORPORATE\Citrix Admin CORPORATE\gtest","PRO-HOUSTON-M","","Applications/Desktops",,"Desktops","","Basic","False","1024x768","Colors32Bit"
"Shadow Toolbar","ServerInstalled","True","CORPORATE\Citrix Admin CORPORATE\","PRO-HOUSTON2 PRO-HOUSTON PRO-HOUSTON-M","","Applications/Admin Tools","""C:\Program Files (x86)\Citrix\system32\wshadow.exe""","Admin Tools","","Basic","False","1024x768","Colors32Bit"
"ProAssurance Online Seminars","ServerInstalled","True","CORPORATE\Citrix Admin CORPORATE\Okemos Risk Management","PRO-XEN64-A01","","Applications/Web Links","""C:\Program Files (x86)\Internet Explorer\iexplore.exe"" http://pra.ciesadesigndev.com","\Web Links","","Basic","False","1024x768","Colors32Bit"
"MS Outlook 2010","ServerInstalled","True","CORPORATE\gbromley CORPORATE\ghenige CORPORATE\gtest CORPORATE\tburke CORPORATE\mdaher CORPORATE\Domain Users CORPORATE\mgray","PRO-XEN64-B02 PRO-XEN64-B05 PRO-XEN64-B06 PRO-XEN64-B04 PRO-XEN64-B01 PRO-XEN64-B03","","Applications/CAG Only Applications","""C:\Program Files (x86)\Microsoft Office\Office14\OUTLOOK.EXE""","CAG Only Applications","","Basic","False","1024x768","Colors16Bit"
"MS Excel 2010","ServerInstalled","True","CORPORATE\gbromley CORPORATE\domain users","PRO-XEN64-B02 PRO-XEN64-B04 PRO-XEN64-B01","","Applications/CAG Only Applications","""C:\Program Files (x86)\Microsoft Office\Office14\EXCEL.EXE""","CAG Only Applications","","Basic","False","1024x768","Colors32Bit"
"MS Access 2010","ServerInstalled","True","CORPORATE\gbromley CORPORATE\domain users","PRO-XEN64-B02 PRO-XEN64-B04 PRO-XEN64-B01 PRO-XEN64-B03","","Applications/CAG Only Applications","""C:\Program Files (x86)\Microsoft Office\Office14\MSACCESS.EXE""","CAG Only Applications","","Basic","False","1024x768","Colors32Bit"
"MS Word 2010","ServerInstalled","True","CORPORATE\gbromley CORPORATE\domain users","PRO-XEN64-B02 PRO-XEN64-B04 PRO-XEN64-B01 PRO-XEN64-B03","","Applications/CAG Only Applications","""C:\Program Files (x86)\Microsoft Office\Office14\WINWORD.EXE""","CAG Only Applications","","Basic","False","1024x768","Colors32Bit"
"MS Powerpoint 2010","ServerInstalled","True","CORPORATE\gbromley CORPORATE\domain users","PRO-XEN64-B02 PRO-XEN64-B04 PRO-XEN64-B01 PRO-XEN64-B03","","Applications/CAG Only Applications","""C:\Program Files (x86)\Microsoft Office\Office14\POWERPNT.EXE""","CAG Only Applications","","Basic","False","1024x768","Colors32Bit"
"ADP EntraPassWebStation","ServerInstalled","True","CORPORATE\Citrix Admin CORPORATE\cadair CORPORATE\kchapelle","PRO-XEN64-B06 PRO-XEN64-B04 PRO-XEN64-B03 PRO-XEN64-B05","","Applications/Intranet Links","""c:\program files (x86)\Internet Explorer\iexplore.exe"" http://10.4.3.10/entrapasswebstation","\Intranet Links","","Basic","False","1024x768","Colors32Bit"
"Avaya Web Subscriber Options","ServerInstalled","True","CORPORATE\Citrix Admin CORPORATE\wbrimer CORPORATE\gbromley","PRO-XEN64-B06 PRO-XEN64-B05","","Applications/Admin Tools","""c:\program files\internet explorer\iexplore.exe"" http://pro-avaya-mas1/wso/SubLogin.aspx","\Admin Tools","","Basic","False","1024x768","Colors32Bit"
"Business Continuity Team Site","ServerInstalled","True","CORPORATE\gbromley CORPORATE\Business Continuity Team CORPORATE\Citrix Admin","PRO-XEN64-B06 PRO-XEN64-B04 PRO-XEN64-B03 PRO-XEN64-B05","","Applications/Intranet Links","""c:\program files (x86)\Internet Explorer\iexplore.exe"" http://sharepoint/dr-iis/bus_con/default.aspx","\Intranet Links","","Basic","False","1024x768","Colors32Bit"
"Client Vendor Registration","ServerInstalled","True","CORPORATE\gbromley CORPORATE\Vendor Register CORPORATE\Citrix Admin","PRO-XEN64-B06 PRO-XEN64-B05","","Applications/Claims Applications","""c:\program files (x86)\microsoft office\Office14\EXCEL.EXE"" ""\\maifile4\ven_Reg\New Client Vendor Register.xls""","","","Basic","False","1024x768","Colors32Bit"
"VM Ware Web Interface","ServerInstalled","True","CORPORATE\gbromley CORPORATE\Admin","PRO-XEN64-D01 PRO-XEN64-D03","","Applications/Admin Tools","""c:\program files (x86)\internet explorer\iexplore.exe"" https://pro-vsphere.corporate.local:9443","\Admin Tools","","Basic","False","1024x768","Colors32Bit"
"Internet Explorer 9","ServerInstalled","True","CORPORATE\Citrix Admin CORPORATE\ngriffey CORPORATE\vivi CORPORATE\ajesser CORPORATE\lmontgolf CORPORATE\jtest CORPORATE\zbrubaker CORPORATE\rrodenbur CORPORATE\rballard CORPORATE\busobj_Users","PRO-XEN64-A01","","Applications/Web Links","""C:\Program Files (x86)\Internet Explorer\iexplore.exe""","\Web Links","","Basic","False","1024x768","Colors32Bit"
"Sharepoint","ServerInstalled","True","CORPORATE\Citrix Admin CORPORATE\Desktop Support CORPORATE\ProAssurance-Employees CORPORATE\Consultants HAMILTON\lhunt HAMILTON\kwilliams HAMILTON\jwagman","PRO-XEN64-B06 PRO-XEN64-B04 PRO-XEN64-B03 PRO-XEN64-B05","","Applications/Intranet Links","""C:\Program Files (x86)\Internet Explorer\iexplore.exe"" http://sharepoint","\Intranet Links","","Basic","False","1024x768","Colors32Bit"
"remote desktop - xen64-b05","ServerInstalled","True","CORPORATE\gbromley CORPORATE\bwells","PRO-XEN64-B05","","Applications/TESTING","c:\windows\system32\mstsc.exe /console","\TESTING","","Basic","False","1024x768","Colors32Bit"
"remote desktop - xen64-b06","ServerInstalled","True","CORPORATE\gbromley CORPORATE\bwells","PRO-XEN64-B06","","Applications/TESTING","c:\windows\system32\mstsc.exe /console","\TESTING","","Basic","False","1024x768","Colors32Bit"
"CRM","ServerInstalled","True","CORPORATE\ProAssurance-Employees","PRO-XEN64-B06 PRO-XEN64-B05","","Applications/Intranet Links","""c:\program files (x86)\Internet Explorer\iexplore.exe"" http://crmprod","\Intranet Links","","Basic","False","1024x768","Colors32Bit"
"Remote Desktop","ServerInstalled","True","CORPORATE\Tech Support CORPORATE\reacct CORPORATE\Reacct2 CORPORATE\reacct3 CORPORATE\Reacct4 CORPORATE\cprime CORPORATE\wthompson CORPORATE\InformationSystems CORPORATE\lmontgolf CORPORATE\gtest CORPORATE\optimodel CORPORATE\acctconsultant CORPORATE\rllenes CORPORATE\mniessl CORPORATE\esparks CORPORATE\cmoore CORPORATE\aprice CORPORATE\afaris CORPORATE\pfernandez CORPORATE\mmols CORPORATE\jdauer CORPORATE\emiller CORPORATE\csharp CORPORATE\vpraschl CORPORATE\aertl CORPORATE\bmedders CORPORATE\sdanald CORPORATE\mbernard CORPORATE\alane CORPORATE\ CORPORATE\dchristy CORPORATE\lwilliams CORPORATE\bfindley CORPORATE\nvenkatesh CORPORATE\mteekah CORPORATE\rmorton CORPORATE\asubramanyam CORPORATE\acapote CORPORATE\ CORPORATE\Eastern - Accounting - Full Access","PRO-XEN64-B02 PRO-XEN64-B05 PRO-XEN64-B06 PRO-XEN64-B04 PRO-XEN64-B01 PRO-XEN64-B03","","Applications/Remote Desktop","c:\windows\system32\mstsc.exe /console","Remote Desktop","","Basic","False","1024x768","Colors32Bit"
"InPoint Production","ServerInstalled","True","CORPORATE\gbromley CORPORATE\inPoint Production CORPORATE\Citrix Admin","PRO-XEN64-B06","","Applications","""C:\Program Files (x86)\Proassurance Corporation\InPoint Production\inPointClient.exe""","","","Basic","False","1024x768","Colors32Bit"
"OptiModel","ServerInstalled","True","CORPORATE\gbromley CORPORATE\tking CORPORATE\rgreen CORPORATE\kmann CORPORATE\lmorse CORPORATE\95 CORPORATE\Citrix Admin CORPORATE\eswindle CORPORATE\ehodge CORPORATE\ HAMILTON\jwagman HAMILTON\dennella HAMILTON\rbutler HAMILTON\lhunt HAMILTON\cprime HAMILTON\dfernando HAMILTON\mgray HAMILTON\kwilliams HAMILTON\ngriffey HAMILTON\jajello HAMILTON\dle HAMILTON\ajackson HAMILTON\svaldes HAMILTON\ HAMILTON\ HAMILTON\tstone HAMILTON\ HAMILTON\lhulbert HAMILTON\lblack EAIC\BShirk EIHI\bshirk EIHI\ndishart","PRO-XEN64-B06 PRO-XEN64-B04 PRO-XEN64-B03","","Applications","""C:\Program Files (x86)\Proassurance Corporation\OptiModel\OptiModel.exe""","","","Basic","False","1024x768","Colors32Bit"
"65 ADP Portal","ServerInstalled","True","CORPORATE\gbromley CORPORATE\domain users","PRO-XEN64-B06 PRO-XEN64-B04 PRO-XEN64-B03 PRO-XEN64-B05","","Applications/Intranet Links","""C:\Program Files (x86)\Internet Explorer\iexplore.exe"" https://workforcenow.adp.com","Intranet Links","","Basic","False","1024x768","Colors32Bit"
"Infoview - Business Objects","ServerInstalled","True","CORPORATE\gbromley CORPORATE\domain users CORPORATE\ProAssurance-Employees","PRO-XEN64-B04","","Applications/Intranet Links","""C:\Program Files (x86)\Internet Explorer\iexplore.exe"" http://pro-bo1","\Intranet Links","","Basic","False","1024x768","Colors32Bit"
"Microsoft Lync 2010","ServerInstalled","False","","PRO-XEN64-B06","","Applications/CAG Only Applications","""C:\Program Files (x86)\Microsoft Lync\communicator.exe""","CAG Only Applications","","Basic","False","1024x768","Colors32Bit"
"Seminar Tracking 2004 - Model","ServerInstalled","True","CORPORATE\gbromley CORPORATE\STS Users CORPORATE\Citrix Admin CORPORATE\gtest CORPORATE\ddearman","PRO-XEN64-C01","","Applications/Model","C:\Batch\STS\MODEL\STS-model64.cmd","\Model","","Basic","False","1024x768","Colors32Bit"
"STS Production 2004","ServerInstalled","True","CORPORATE\gbromley CORPORATE\ CORPORATE\drachner CORPORATE\jkodeski CORPORATE\smyers CORPORATE\STS Users CORPORATE\Citrix Admin","PRO-XEN64-C01","","Applications","C:\Batch\STS\PRODUCTION\STS-Prod64.cmd","","","Basic","False","1024x768","Colors32Bit"
"RSC Production","ServerInstalled","True","CORPORATE\gbromley CORPORATE\rballard CORPORATE\snix CORPORATE\bjoiner CORPORATE\jmanget CORPORATE\reacct CORPORATE\Reacct2 CORPORATE\reacct3 CORPORATE\Reacct4 CORPORATE\cmoore CORPORATE\aplunkett CORPORATE\mheim CORPORATE\bnelson CORPORATE\Citrix Admin CORPORATE\jhooks CORPORATE\gstewart PICA_NT\esparks PICA_NT\aprice","PRO-XEN64-B06","","Applications","C:\Progress\OpenEdge102B\bin\prowin32.exe -pf c:\reacct_prod\param\cs-praprod.pf -ini c:\reacct_prod\param\cs-praprod.ini -p rsc0.w","","","Basic","False","1024x768","Colors32Bit"
"ProAssurance Intranet Site","ServerInstalled","True","CORPORATE\gbromley CORPORATE\domain users","PRO-XEN64-B06 PRO-XEN64-B04 PRO-XEN64-B03 PRO-XEN64-B05","","Applications/Intranet Links","""C:\Program Files (x86)\Internet Explorer\iexplore.exe"" http://sharepoint/SitePages/PRAHome.aspx","\Intranet Links","","Basic","False","1024x768","Colors32Bit"
"Xpense2Sun","ServerInstalled","True","CORPORATE\gbromley CORPORATE\ CORPORATE\bclough CORPORATE\XPense2Sun CORPORATE\Citrix Admin","PRO-XEN64-B06 PRO-XEN64-B05","","Applications/Sunsystems Apps","""C:\Program Files (x86)\Proassurance Corporation\Xpense2Sun\XPense2Sun.exe""","\Sunsystems Apps","","Basic","False","1024x768","Colors32Bit"
"Actuarial Report - Production","ServerInstalled","True","CORPORATE\gbromley CORPORATE\gstewart CORPORATE\jphillips CORPORATE\rchaffinch CORPORATE\jhooks CORPORATE\Citrix Admin CORPORATE\ksaunders","PRO-XEN64-B06","","Applications","""C:\Program Files (x86)\Proassurance Corporation\ActuarialReport\ProAssurance.APReport.Actuarial.exe""","","","Basic","False","1024x768","Colors32Bit"
"EPP Maintenance Production","ServerInstalled","True","CORPORATE\gbromley CORPORATE\ CORPORATE\rgreen CORPORATE\cellison CORPORATE\cajohnson CORPORATE\mheim CORPORATE\ CORPORATE\Citrix Admin CORPORATE\jgrasse CORPORATE\awells CORPORATE\ CORPORATE\tharris","PRO-XEN64-C01 PRO-XEN64-C02","","Applications","""\\corporate.local\appdata\citrix\applications_shared\EPP Maintenance - Production\ACHMaintenance.exe""","","","Basic","False","1024x768","Colors32Bit"
"Premium Pro Enterprise","ServerInstalled","True","CORPORATE\gbromley CORPORATE\ CORPORATE\ CORPORATE\lterry CORPORATE\ksaunders CORPORATE\jnoojin CORPORATE\cmoore CORPORATE\ CORPORATE\jshepperd CORPORATE\Citrix Admin","PRO-XEN64-C01 PRO-XEN64-C02","","Applications","""\\PRO-FILE\Acct\Premium Pro Prem Tax\Premium Pro Enterprise\Enterprise.exe""","","","Basic","False","1024x768","Colors32Bit"
"65 Q&A Setup","ServerInstalled","True","CORPORATE\Citrix Admin CORPORATE\rballard CORPORATE\","PRO-XEN64-A02","","Applications/Sun Systems 6","""C:\Program Files (x86)\Infor\Query and Analysis\VSetup.exe""","\Sun Systems 6","","Basic","False","1024x768","Colors32Bit"
"Remote to my Computer","ServerInstalled","True","CORPORATE\gbromley CORPORATE\Citrix Admin CORPORATE\InformationSystems CORPORATE\brussell CORPORATE\jesparza CORPORATE\ProAssurance-Employees CORPORATE\mmols CORPORATE\jdauer CORPORATE\emiller CORPORATE\csharp CORPORATE\tbond CORPORATE\EDW_PWC CORPORATE\dbond","PRO-XEN64-B06","","Applications","""C:\Program Files (x86)\Proassurance Corporation\Computer Lookup Setup\ProAssurance.ComputerLookup.exe"" /Auto","","","Basic","False","1024x768","Colors32Bit"
"Notepad - PRO-XEN64-A01","ServerInstalled","True","CORPORATE\Citrix Admin CORPORATE\Desktop Support HAMILTON\cprime EIHI\jnolte","PRO-XEN64-A01","","Applications/Notepad","c:\windows\notepad.exe","\Notepad","","Basic","False","1024x768","Colors32Bit"
"Notepad - PRO-XEN64-B02","ServerInstalled","True","CORPORATE\Citrix Admin CORPORATE\Desktop Support CORPORATE\gtest EIHI\testnormaluser","PRO-XEN64-B02","","Applications/Notepad","c:\windows\notepad.exe","\Notepad","","Basic","False","1024x768","Colors32Bit"
"Notepad - PRO-XEN64-A02","ServerInstalled","True","CORPORATE\Citrix Admin CORPORATE\Desktop Support","PRO-XEN64-A02","","Applications/Notepad","c:\windows\notepad.exe","\Notepad","","Basic","False","1024x768","Colors32Bit"
"Notepad - PRO-XEN64-B01","ServerInstalled","True","CORPORATE\Citrix Admin CORPORATE\Desktop Support CORPORATE\lmontgolf CORPORATE\gtest HAMILTON\cagadmin HAMILTON\cprime HAMILTON\ HAMILTON\ PICA_NT\gbromley PICA_NT\BLUE PICA_NT\tbond","PRO-XEN64-B01","","Applications/Notepad","c:\windows\Notepad.exe","\Notepad","","Basic","False","1024x768","Colors32Bit"
"Notepad - PRO-XEN64-B03","ServerInstalled","True","CORPORATE\Citrix Admin CORPORATE\Desktop Support CORPORATE\gtest PICA_NT\gbromley EIHI\testnormaluser","PRO-XEN64-B03","","Applications/Notepad","c:\windows\notepad.exe","\Notepad","","Basic","False","1024x768","Colors32Bit"
"Notepad - PRO-XEN64-B04","ServerInstalled","True","CORPORATE\Citrix Admin CORPORATE\Desktop Support CORPORATE\lmontgolf CORPORATE\gtest","PRO-XEN64-B04","","Applications/Notepad","c:\windows\notepad.exe","\Notepad","","Basic","False","1024x768","Colors32Bit"
"Notepad - PRO-XEN64-B05","ServerInstalled","True","CORPORATE\Citrix Admin CORPORATE\Desktop Support CORPORATE\brussell CORPORATE\lmontgolf CORPORATE\gtest","PRO-XEN64-B05","","Applications/Notepad","c:\windows\notepad.exe","\Notepad","","Basic","False","1024x768","Colors32Bit"
"Notepad - PRO-XEN64-B06","ServerInstalled","True","CORPORATE\Citrix Admin CORPORATE\Desktop Support CORPORATE\lmontgolf CORPORATE\gtest CORPORATE\ahamilton","PRO-XEN64-B06","","Applications/Notepad","c:\windows\notepad.exe","\Notepad","","Basic","False","1024x768","Colors32Bit"
"Notepad - PRO-XEN64-C01","ServerInstalled","True","CORPORATE\Citrix Admin CORPORATE\Desktop Support CORPORATE\lmontgolf CORPORATE\gtest","PRO-XEN64-C01","","Applications/Notepad","c:\windows\notepad.exe","\Notepad","","Basic","False","1024x768","Colors32Bit"
"Notepad - PRO-XEN64-C02","ServerInstalled","True","CORPORATE\Citrix Admin CORPORATE\Desktop Support CORPORATE\lmontgolf CORPORATE\gtest","PRO-XEN64-C02","","Applications/Notepad","c:\windows\notepad.exe","\Notepad","","Basic","False","1024x768","Colors32Bit"
"Track-it 10","ServerInstalled","True","CORPORATE\Citrix Admin CORPORATE\Desktop Support CORPORATE\Track-It! Technicians CORPORATE\ CORPORATE\jtest","PRO-XEN64-B06 PRO-XEN64-B04 PRO-XEN64-B03 PRO-XEN64-B05","","Applications","""C:\Program Files (x86)\Trackit 10.5\TechnicianClient.exe""","","","Basic","False","1024x768","Colors32Bit"
"Mapis Viewer","ServerInstalled","False","CORPORATE\gbromley CORPORATE\kmann CORPORATE\Mapis Viewer Users CORPORATE\Mapis Viewer Read-Only CORPORATE\Mapis Viewer Admin CORPORATE\Citrix Admin","PRO-XEN64-B06 PRO-XEN64-B05","","Applications","""C:\Program Files (x86)\Proassurance Corporation\Mapis Viewer\Mapis Viewer.exe""","","","Basic","False","1024x768","Colors32Bit"
"Inpoint PreProduction","ServerInstalled","True","CORPORATE\ CORPORATE\gbromley CORPORATE\inPoint Production CORPORATE\Citrix Admin","PRO-XEN64-B06 PRO-XEN64-B05","","Applications","""C:\Program Files (x86)\Proassurance Corporation\Inpoint Pre-Prod\inPointClient.exe""","","","Basic","False","1024x768","Colors32Bit"
"Command Prompt","ServerInstalled","True","CORPORATE\Admin CORPORATE\gbromley","PRO-XEN64-B02 PRO-XEN64-B05 PRO-XEN64-B06 PRO-XEN64-B04 PRO-XEN64-B01 PRO-XEN64-B03","","Applications/Admin Tools","C:\Windows\System32\cmd.exe","\Admin Tools","","Basic","False","1024x768","Colors32Bit"
"File Share - Compliance","ServerInstalled","True","CORPORATE\gbromley CORPORATE\epela CORPORATE\cfrancis CORPORATE\Citrix Admin CORPORATE\","PRO-XEN64-C01 PRO-XEN64-C02","","Applications/CAG Only Applications","c:\windows\explorer.exe \\corporate.local\proassurance\compliance","\CAG Only Applications","","Basic","False","1024x768","Colors32Bit"
"EPP Maintenance Model","ServerInstalled","True","CORPORATE\cellison CORPORATE\gbromley CORPORATE\brussell CORPORATE\rgreen CORPORATE\ajesser CORPORATE\ttelioukova CORPORATE\ CORPORATE\Citrix Admin CORPORATE\jgrasse CORPORATE\awells CORPORATE\jasmith CORPORATE\pakula CORPORATE\ CORPORATE\tharris CORPORATE\jwallace","PRO-XEN64-M02 PRO-XEN64-M01","","Applications/Model","""C:\Program Files (x86)\ProAssurance Corporation\EPP Maintenance\ACHMaintenance.exe""","\Model","","Basic","False","1024x768","Colors32Bit"
"Xpense2Sun - Model","ServerInstalled","True","CORPORATE\gbromley CORPORATE\ CORPORATE\brussell CORPORATE\ksaunders CORPORATE\XPense2Sun CORPORATE\Citrix Admin","PRO-XEN64-M02 PRO-XEN64-M01","","Applications/Sunsystems Apps/Model","""C:\Program Files (x86)\ProAssurance Corporation\Xpense2sun Model\XPense2Sun.exe""","Sunsystems Apps\Model","","Basic","False","1024x768","Colors32Bit"
"InPoint Model","ServerInstalled","True","CORPORATE\ CORPORATE\gbromley CORPORATE\inPointAdmin CORPORATE\inPoint Test CORPORATE\Citrix Admin","PRO-XEN64-M02 PRO-XEN64-M01","","Applications/Model","""C:\Program Files (x86)\ProAssurance Corporation\Inpoint Model\inPointClient.exe""","Model","","Basic","False","1024x768","Colors32Bit"
"TCP","ServerInstalled","True","CORPORATE\Accounting CORPORATE\gbromley CORPORATE\echandler","PRO-XEN64-E01 PRO-XEN64-E02","","Applications","\\pro-file\tcp\tcpwin32\tcp.exe","","","Basic","False","1024x768","Colors32Bit"
"Centera Viewer","ServerInstalled","True","CORPORATE\gbromley CORPORATE\Citrix Admin CORPORATE\Admin","PRO-XEN64-B04 PRO-XEN64-B03","","Applications/Admin Tools","""C:\Program Files (x86)\EMC\Centera\4_2\SystemOperator\bin\Centera Viewer.exe""","Admin Tools","","Basic","False","1024x768","Colors32Bit"
"SCOM","ServerInstalled","True","CORPORATE\gbromley CORPORATE\gjackson CORPORATE\Tech Support","PRO-XEN64-B02 PRO-XEN64-B05 PRO-XEN64-B06 PRO-XEN64-B04 PRO-XEN64-B01 PRO-XEN64-B03","","Applications/Admin Tools","\\corporate.local\appdata\citrix\applications_shared\tech_support\system_center_operations_manager_2007_r2.exe","Admin Tools","","Basic","False","1024x768","Colors32Bit"
"Track-it Web - Technicians","ServerInstalled","True","CORPORATE\Track-It! Technicians","PRO-XEN64-B06 PRO-XEN64-B04 PRO-XEN64-B03 PRO-XEN64-B05","","Applications/Intranet Links","""C:\Program Files (x86)\Internet Explorer\iexplore.exe"" http://pro-app4/TrackItWeb/Account/LogIn?ReturnUrl=%2ftrackitweb","Intranet Links","","Basic","False","1024x768","Colors32Bit"
"Track-it Web - Users","ServerInstalled","True","CORPORATE\gbromley CORPORATE\ProAssurance-Employees","PRO-XEN64-B06 PRO-XEN64-B04 PRO-XEN64-B03 PRO-XEN64-B05","","Applications/Intranet Links","""C:\Program Files (x86)\Internet Explorer\iexplore.exe""  http://pro-app4/trackitweb/selfservice/login","Intranet Links","","Basic","False","1024x768","Colors32Bit"
"Treated Fairly Blog","ServerInstalled","True","CORPORATE\ProAssurance-Employees","PRO-XEN64-B06 PRO-XEN64-B04 PRO-XEN64-B03 PRO-XEN64-B05","","Applications/Intranet Links","""C:\Program Files (x86)\Internet Explorer\iexplore.exe""","Intranet Links","","Basic","False","1024x768","Colors32Bit"
"Prolink","ServerInstalled","True","CORPORATE\ProAssurance-Employees","PRO-XEN64-B06 PRO-XEN64-B04 PRO-XEN64-B03 PRO-XEN64-B05","","Applications/Intranet Links","""C:\Program Files (x86)\Internet Explorer\iexplore.exe"" ""http://intranet/hr_prolink.aspx?m=menu_hr""","Intranet Links","","Basic","False","1024x768","Colors32Bit"
"Sharepoint - Helpdesk Site","ServerInstalled","True","CORPORATE\ProAssurance-Employees","PRO-XEN64-B06 PRO-XEN64-B04 PRO-XEN64-B03 PRO-XEN64-B05","","Applications/Intranet Links","""C:\Program Files (x86)\Internet Explorer\iexplore.exe"" http://sharepoint/helpdesk","Intranet Links","","Basic","False","1024x768","Colors32Bit"
"Orion Web Interface","ServerInstalled","True","CORPORATE\Citrix Admin","PRO-XEN64-B06 PRO-XEN64-B04 PRO-XEN64-B03 PRO-XEN64-B05","","Applications/Admin Tools","""C:\Program Files (x86)\Internet Explorer\iexplore.exe"" http://orion/","Admin Tools","","Basic","False","1024x768","Colors32Bit"
"Underwriting Prototype","ServerInstalled","True","CORPORATE\ahamilton CORPORATE\brussell CORPORATE\dbrown CORPORATE\hfriedman CORPORATE\kcarlile CORPORATE\Citrix Admin","PRO-XEN64-B02 PRO-XEN64-B05 PRO-XEN64-B06 PRO-XEN64-B04 PRO-XEN64-B01 PRO-XEN64-B03","","Applications/Underwriting","C:\batch\protosmall64.bat","Underwriting","","Basic","False","1024x768","Colors32Bit"
"Underwriting Prototyping","ServerInstalled","True","CORPORATE\ahamilton CORPORATE\Akeener CORPORATE\brussell CORPORATE\dbrown CORPORATE\gbromley CORPORATE\gpreston CORPORATE\hfriedman CORPORATE\jvines CORPORATE\lfortson CORPORATE\lmorris CORPORATE\mmckeever CORPORATE\tmcguire CORPORATE\tsternberg CORPORATE\Citrix Admin","PRO-XEN64-B02 PRO-XEN64-B05 PRO-XEN64-B06 PRO-XEN64-B04 PRO-XEN64-B01 PRO-XEN64-B03","","Applications/Underwriting","C:\batch\proto64.bat","Underwriting","","Basic","False","1024x768","Colors32Bit"
"Oasis Account Management","ServerInstalled","True","CORPORATE\Admin CORPORATE\Desktop Support CORPORATE\mheim CORPORATE\rballard","PRO-XEN64-C01 PRO-XEN64-C02","","Applications/Admin Tools","C:\batch\Oasis_User_account_64.bat","Admin Tools","","Basic","False","1024x768","Colors32Bit"
"Reacct Model","ServerInstalled","True","CORPORATE\rballard CORPORATE\snix CORPORATE\gbromley CORPORATE\bjoiner CORPORATE\jmanget CORPORATE\reacct CORPORATE\bnelson CORPORATE\Reacct2 CORPORATE\reacct3 CORPORATE\Reacct4 CORPORATE\mheim CORPORATE\cmoore CORPORATE\aplunkett CORPORATE\Citrix Admin CORPORATE\jhooks PICA_NT\esparks PICA_NT\aprice","PRO-XEN64-M02 PRO-XEN64-M01","","Applications/Model","c:\progress\openedge102B\bin\prowin32.exe -pf c:\reacct_model\param\cs-pramodel.pf -ini c:\reacct_model\param\cs-pramodel.ini -p rsc0.w","Model","","Basic","False","1024x768","Colors32Bit"
"EVault Discovery Accelerator","ServerInstalled","True","CORPORATE\ CORPORATE\Citrix Admin CORPORATE\jlisenby CORPORATE\jowen CORPORATE\tbradley","PRO-XEN64-B02 PRO-XEN64-B01","","Applications/Legal","""C:\Program Files (x86)\Enterprise Vault Discovery Accelerator\Client\AcceleratorClient.Exe""","Legal","","Basic","False","1024x768","Colors32Bit"
"File Share - Austin Sales","ServerInstalled","True","CORPORATE\epela CORPORATE\gbromley CORPORATE\Citrix Admin","PRO-XEN64-C01 PRO-XEN64-C02","","Applications/CAG Only Applications","%windir%\explorer.exe \\corporate.local\austin\sales","CAG Only Applications","","Basic","False","1024x768","Colors32Bit"
"Adobe Reader XI","ServerInstalled","True","CORPORATE\domain users","PRO-XEN64-B02 PRO-XEN64-B04 PRO-XEN64-B01 PRO-XEN64-B03","","Applications/CAG Only Applications","""C:\Program Files (x86)\Adobe\Reader 11.0\Reader\AcroRd32.exe""","CAG Only Applications","","Basic","False","1024x768","Colors32Bit"
"Avaya Site Administration","ServerInstalled","True","CORPORATE\gbromley CORPORATE\wbrimer CORPORATE\dbell","PRO-XEN64-D01 PRO-XEN64-D03","","Applications/Admin Tools","""C:\Program Files (x86)\Avaya\Site Administration\bin\ASA.exe""","Admin Tools","","Basic","False","1024x768","Colors32Bit"
"Avaya Voice Announcement Manager","ServerInstalled","True","CORPORATE\gbromley CORPORATE\wbrimer","PRO-XEN64-D01 PRO-XEN64-D03","","Applications/Admin Tools","""C:\Program Files (x86)\Avaya\Voice Announcement Manager\launchVal.exe""","Admin Tools","","Basic","False","1024x768","Colors32Bit"
"MSt Visio 2010","ServerInstalled","True","CORPORATE\chutchison CORPORATE\Citrix Admin CORPORATE\dmeans CORPORATE\jrogers CORPORATE\jwright CORPORATE\lsalzman CORPORATE\nalexander CORPORATE\Visio Users CORPORATE\mgemini CORPORATE\rsrinivasa","PRO-XEN64-B04 PRO-XEN64-B03","","Applications/CAG Only Applications","""C:\Program Files (x86)\Microsoft Office\Office14\VISIO.EXE""","CAG Only Applications","","Basic","False","1024x768","Colors32Bit"
"Executive","ServerInstalled","True","CORPORATE\gbromley CORPORATE\SunSystems Users CORPORATE\rballard HAMILTON\lhunt HAMILTON\kwilliams","PRO-XEN64-A02","","Applications/Sun Systems 6","""C:\Program Files (x86)\Infor\Query and Analysis\LsExec.exe""","Sun Systems 6","","Basic","False","1024x768","Colors32Bit"
"Outlook 2010 Policy Test","ServerInstalled","True","CORPORATE\dvduser CORPORATE\gbromley CORPORATE\gtest CORPORATE\bwells CORPORATE\klikens CORPORATE\ CORPORATE\Desktop Support CORPORATE\kkreis CORPORATE\ssmith CORPORATE\sseitzman CORPORATE\tburke CORPORATE\epela CORPORATE\ldowning CORPORATE\jtest CORPORATE\mgaines CORPORATE\kmcgowan","PRO-XEN64-M02","Model","Applications/TESTING","""C:\Program Files (x86)\Microsoft Office\Office14\OUTLOOK.EXE""","TESTING","","Basic","False","1024x768","Colors32Bit"
"Outlook 2010 on PRO-XEN64-B03","ServerInstalled","True","CORPORATE\dvduser CORPORATE\gbromley CORPORATE\gtest","PRO-XEN64-B03","","Applications/TESTING","""C:\Program Files (x86)\Microsoft Office\Office14\OUTLOOK.EXE""","TESTING","","Basic","False","1024x768","Colors32Bit"
"Outlook 2010 on PRO-XEN64-B04","ServerInstalled","True","CORPORATE\dvduser CORPORATE\gbromley CORPORATE\gtest","PRO-XEN64-B04","","Applications/TESTING","""C:\Program Files (x86)\Microsoft Office\Office14\OUTLOOK.EXE""","TESTING","","Basic","False","1024x768","Colors32Bit"
"Outlook 2010 on PRO-XEN64-B06","ServerInstalled","True","CORPORATE\gbromley CORPORATE\gtest CORPORATE\nrunyan","PRO-XEN64-B06","","Applications/TESTING","""C:\Program Files (x86)\Microsoft Office\Office14\OUTLOOK.EXE""","TESTING","","Basic","False","1024x768","Colors32Bit"
"Configuration Manager 2012 Admin Conso","ServerInstalled","True","CORPORATE\Admin CORPORATE\Desktop Support CORPORATE\cprime CORPORATE\ HAMILTON\cprime PICA_NT\bgaither","PRO-XEN64-D01 PRO-XEN64-D03","","Applications/Admin Tools","""C:\Program Files (x86)\Microsoft Configuration Manager\AdminConsole\bin\Microsoft.ConfigurationManagement.exe""","Admin Tools","","Basic","False","1024x768","Colors32Bit"
"SCCM 2012 Remote Control Viewer","ServerInstalled","True","CORPORATE\Desktop Support CORPORATE\Admin CORPORATE\brussell CORPORATE\cellison CORPORATE\bmyers","PRO-XEN64-D01 PRO-XEN64-D03","","Applications/Admin Tools","""C:\Program Files (x86)\Microsoft Configuration Manager\AdminConsole\bin\i386\CmRcViewer.exe""","Admin Tools","","Basic","False","1024x768","Colors32Bit"
"Internet Explorer","ServerInstalled","True","CORPORATE\Citrix Admin CORPORATE\domain users","PRO-XEN64-B06 PRO-XEN64-B04 PRO-XEN64-B03 PRO-XEN64-B05","","Applications/CAG Only Applications","""C:\Program Files (x86)\Internet Explorer\iexplore.exe""","CAG Only Applications","","Basic","False","1024x768","Colors32Bit"
"Actuarial Report - Model","ServerInstalled","True","CORPORATE\ CORPORATE\gstewart CORPORATE\jhooks CORPORATE\ CORPORATE\rchaffinch CORPORATE\Citrix Admin","PRO-XEN64-M02 PRO-XEN64-M01","","Applications/Model","""C:\Program Files (x86)\ProAssurance Corporation\Actuarial Report Model\ProAssurance.APReport.Actuarial.Model.exe""","Model","","Basic","False","1024x768","Colors32Bit"
"Expert Witness","ServerInstalled","True","CORPORATE\ExpertWitness CORPORATE\Citrix Admin","PRO-XEN64-C01 PRO-XEN64-C02","","Applications","""C:\Program Files (x86)\ProAssurance Corporation\Expert Witness Setup\ExpertWitness.exe""","","","Basic","False","1024x768","Colors32Bit"
"Expert Witness Model","ServerInstalled","True","CORPORATE\dallinder CORPORATE\jbiddle CORPORATE\ CORPORATE\vtaylor CORPORATE\Citrix Admin","PRO-XEN64-M02 PRO-XEN64-M01","","Applications/Model","""C:\Program Files (x86)\ProAssurance Corporation\Expert Witness Model\ExpertWitnessAppModel.exe""","Model","","Basic","False","1024x768","Colors32Bit"
"Alchemy","ServerInstalled","True","CORPORATE\jhenshaw CORPORATE\ttooker CORPORATE\Citrix Admin CORPORATE\slucas","PRO-XEN64-B02 PRO-XEN64-B01","","Applications","""C:\Program Files (x86)\IMR\Alchemy\AuSearch.exe""","","","Basic","False","1024x768","Colors32Bit"
"Citrix Doc Finder","ServerInstalled","True","CORPORATE\ProAssurance-Employees","PRO-XEN64-B04 PRO-XEN64-B03","","Applications/CAG Only Applications","""C:\Program Files (x86)\Citrix\Doc Finder\DocFinder.exe""","CAG Only Applications","","Basic","False","1024x768","Colors32Bit"
"Adobe Acrobat 11","ServerInstalled","True","CORPORATE\Citrix Admin CORPORATE\cmoseson CORPORATE\sdapkus CORPORATE\ttooker CORPORATE\emcconnell CORPORATE\mboyd HAMILTON\lhunt HAMILTON\kwilliams","PRO-XEN64-D03","","Applications","""C:\Program Files (x86)\Adobe\Acrobat 11.0\Acrobat\acrobat.exe""","","","Basic","False","1024x768","Colors32Bit"
"Microsoft Project 2010","ServerInstalled","True","CORPORATE\cadair CORPORATE\cajohnson CORPORATE\cfrancis CORPORATE\cshirley CORPORATE\dmeans CORPORATE\jrogers CORPORATE\kkreis CORPORATE\kmann CORPORATE\rgreen CORPORATE\sblackwood CORPORATE\wbutler CORPORATE\bnickoles CORPORATE\Citrix Admin CORPORATE\mgemini CORPORATE\rsrinivasa CORPORATE\jhooks","PRO-XEN64-B06 PRO-XEN64-B03 PRO-XEN64-B05","","Applications","""C:\Program Files (x86)\Microsoft Office\Office14\WINPROJ.EXE""","","","Basic","False","1024x768","Colors32Bit"
"65 Mapis Model Viewer","ServerInstalled","False","CORPORATE\ CORPORATE\brussell CORPORATE\gbromley CORPORATE\jphillips CORPORATE\kmann","PRO-XEN64-M02 PRO-XEN64-M01","","Applications/Model","\\pro-install\pro-install\PraMapis\MapisViewer\Model\publish.htm","Model","","Basic","False","1024x768","Colors32Bit"
"Mid-Continent Docs","ServerInstalled","True","CORPORATE\brussell CORPORATE\gbromley CORPORATE\dmayfield CORPORATE\rpoore CORPORATE\lrhodes CORPORATE\MidContDocs CORPORATE\Citrix Admin CORPORATE\vivi CORPORATE\bmyers CORPORATE\bhill","PRO-XEN64-C01 PRO-XEN64-C02","","Applications","""C:\Program Files (x86)\ProAssurance Corporation\MidContinentDocs\MidContinentDocs.exe""","","","Basic","False","1024x768","Colors32Bit"
"SSH","ServerInstalled","True","CORPORATE\cmuellersmith CORPORATE\mheim CORPORATE\rballard CORPORATE\Citrix Admin CORPORATE\ttelioukova","PRO-XEN64-D01 PRO-XEN64-D03","","Applications/Admin Tools","""C:\Program Files (x86)\SSH Communications Security\SSH Secure Shell\SshClient.exe""","Admin Tools","","Basic","False","1024x768","Colors32Bit"
"SQL Server Management Studio","ServerInstalled","True","CORPORATE\brussell CORPORATE\Citrix Admin CORPORATE\mheim CORPORATE\rballard CORPORATE\jsnipes CORPORATE\vivi","PRO-XEN64-A01","","Applications/Admin Tools","""C:\Program Files (x86)\Microsoft SQL Server\100\Tools\Binn\VSShell\Common7\IDE\Ssms.exe""","Admin Tools","","Basic","False","1024x768","Colors32Bit"
"MS Sharepoint Designer 2010","ServerInstalled","True","CORPORATE\ CORPORATE\gbromley CORPORATE\Citrix Admin CORPORATE\jsnipes","PRO-XEN64-B02 PRO-XEN64-B01","","Applications/CAG Only Applications","""C:\Program Files (x86)\Microsoft Office\Office14\SPDESIGN.EXE""","CAG Only Applications","","Basic","False","1024x768","Colors32Bit"
"GLIC Model36A0","ServerInstalled","True","CORPORATE\ CORPORATE\ CORPORATE\lsnyder CORPORATE\dfuangfuang CORPORATE\jwright CORPORATE\Citrix Admin","PRO-XEN64-C01","","Applications/Model","C:\Batch\GLIC\MODEL\glic-Model64.cmd","Model","","Basic","False","1024x768","Colors32Bit"
"GLIC Production","ServerInstalled","True","CORPORATE\bcooke CORPORATE\brussell CORPORATE\dfuangfuang CORPORATE\ CORPORATE\gbromley CORPORATE\ CORPORATE\ktufnell CORPORATE\lsnyder CORPORATE\ CORPORATE\sdemers CORPORATE\sspindler CORPORATE\Citrix Admin CORPORATE\ CORPORATE\ CORPORATE\vivi CORPORATE\ CORPORATE\slivingston CORPORATE\bmyers","PRO-XEN64-C01","","Applications","C:\Batch\GLIC\PRODUCTION\glic64.cmd","","","Basic","False","1024x768","Colors32Bit"
"GLIC Finance Model","ServerInstalled","True","CORPORATE\ CORPORATE\dfuangfuang CORPORATE\gbromley CORPORATE\ CORPORATE\ktufnell CORPORATE\ CORPORATE\Citrix Admin","PRO-XEN64-C01","","Applications/Model","C:\Batch\GLIC\MODEL\glic-financed-Model64.cmd","Model","","Basic","False","1024x768","Colors32Bit"
"GLIC Finance Production","ServerInstalled","True","CORPORATE\dfuangfuang CORPORATE\gbromley CORPORATE\ktufnell CORPORATE\ CORPORATE\Citrix Admin CORPORATE\vivi CORPORATE\ CORPORATE\slivingston CORPORATE\bmyers","PRO-XEN64-C01","","Applications","C:\Batch\GLIC\PRODUCTION\glic-financed64.cmd","","","Basic","False","1024x768","Colors32Bit"
"Citrix App Center Test","ServerInstalled","True","CORPORATE\gbromley CORPORATE\ghenige","PRO-XEN64-M02 PRO-XEN64-M01","","Applications/Admin Tools","C:\windows\system32\mmc.exe ""C:\Program Files (x86)\Citrix\Citrix Delivery Services Console\Framework\Cmi60.msc""","Admin Tools","","Basic","False","1024x768","Colors32Bit"
"Word 2010 - policy test","ServerInstalled","True","CORPORATE\gbromley CORPORATE\gtest CORPORATE\jtest CORPORATE\mgaines CORPORATE\kmcgowan","","Model","Applications/TESTING","""C:\Program Files (x86)\Microsoft Office\Office14\WINWORD.EXE""","TESTING","","Basic","False","1024x768","Colors32Bit"
"Reacct Model Test for Rob","ServerInstalled","True","CORPORATE\rballard","PRO-XEN64-M02","","Applications/Model","c:\progress\openedge102B\bin\prowin32.exe -pf c:\reacct_model\param\cs-pramodel.pf -ini c:\reacct_model\param\cs-pramodel.ini -p rsc0.w","Model","","Basic","False","1024x768","Colors32Bit"
"Toad for Oracle 11","ServerInstalled","True","CORPORATE\ajesser CORPORATE\Citrix Admin","PRO-XEN64-D01","","Applications","""C:\Quest Software\Toad for Oracle 11.6\Toad.exe""","","","Basic","False","1024x768","Colors32Bit"
"Notepad - PRO-XEN64-D01","ServerInstalled","True","CORPORATE\Citrix Admin CORPORATE\gtest","PRO-XEN64-D01","","Applications/Notepad","C:\Windows\notepad.exe","Notepad","","Basic","False","1024x768","Colors32Bit"
"Notepad - PRO-XEN64-D02","ServerInstalled","True","CORPORATE\Citrix Admin CORPORATE\gtest CORPORATE\jtest CORPORATE\ctxtest","PRO-XEN64-D02","","Applications/Notepad","c:\windows\notepad.exe","Notepad","","Basic","False","1024x768","Colors32Bit"
"Notepad - PRO-XEN64-M01","ServerInstalled","True","CORPORATE\Citrix Admin CORPORATE\gtest CORPORATE\lmontgolf CORPORATE\ctxtest CORPORATE\bbowen","PRO-XEN64-M01","","Applications/Notepad","c:\windows\notepad.exe","Notepad","","Basic","False","1024x768","Colors32Bit"
"Notepad - PRO-XEN64-M02","ServerInstalled","True","CORPORATE\Citrix Admin CORPORATE\gtest CORPORATE\bbowen","PRO-XEN64-M02","","Applications/Notepad","c:\windows\notepad.exe","Notepad","","Basic","False","1024x768","Colors32Bit"
"Chrome","ServerInstalled","True","CORPORATE\Citrix Admin","PRO-XEN64-D01","","Applications/Admin Tools","""C:\Program Files (x86)\Google\Chrome\Application\chrome.exe""","Admin Tools","","Basic","False","1024x768","Colors32Bit"
"FireFox","ServerInstalled","True","CORPORATE\Citrix Admin CORPORATE\cprime CORPORATE\pellis CORPORATE\rgwaltney CORPORATE\jnolte CORPORATE\alefever CORPORATE\zbrubaker","PRO-XEN64-D01 PRO-XEN64-D03","","Applications/Admin Tools","""C:\Program Files (x86)\Mozilla Firefox\firefox.exe""","Admin Tools","","Basic","False","1024x768","Colors32Bit"
"Compliance File Share","Content","True","CORPORATE\gbromley CORPORATE\",,,"Applications/CAG Only Applications",,"CAG Only Applications","",,,,
"Remote Desktop - MIGTERMINAL","ServerInstalled","True","CORPORATE\bwells CORPORATE\ghenige CORPORATE\gbromley CORPORATE\MigTerminal Users","PRO-XEN64-B02 PRO-XEN64-B05 PRO-XEN64-B06 PRO-XEN64-B04 PRO-XEN64-B01 PRO-XEN64-B03","","Applications","c:\windows\system32\mstsc.exe /console /v migterminal.hamilton.medmarc.com","","","Basic","False","1024x768","Colors32Bit"
"User Manager Model","ServerInstalled","True","CORPORATE\gbromley","PRO-XEN64-D01 PRO-XEN64-D02","","Applications/Model/Sun Systems Model","""C:\Program Files (x86)\Infor\SunSystems\UserManager.exe""","Model\Sun Systems Model","","Basic","False","1024x768","Colors32Bit"
"ExcelAddInRemoveAdd - Model","ServerInstalled","True","CORPORATE\Citrix Admin CORPORATE\SunSystems Admins CORPORATE\SunSystems Users","PRO-XEN64-M01","","Applications/Model/Sun Systems Model","""C:\Program Files (x86)\Infor\Query and Analysis\ExcelAddinRemoveAdd.exe""","Model\Sun Systems Model","","Basic","False","1024x768","Colors32Bit"
"Executive - Model","ServerInstalled","True","CORPORATE\Citrix Admin CORPORATE\SunSystems Admins CORPORATE\SunSystems Users","PRO-XEN64-M01","","Applications/Model/Sun Systems Model","""C:\Program Files (x86)\Infor\Query and Analysis\LsExec.exe""","Model\Sun Systems Model","","Basic","False","1024x768","Colors32Bit"
"Executive Query - Model","ServerInstalled","True","CORPORATE\Citrix Admin CORPORATE\SunSystems Admins CORPORATE\SunSystems Users","PRO-XEN64-M01","","Applications/Model/Sun Systems Model","""C:\Program Files (x86)\Infor\Query and Analysis\LsExec.exe"" /Q1","Model\Sun Systems Model","","Basic","False","1024x768","Colors32Bit"
"Infor XL 64 Model","ServerInstalled","True","CORPORATE\Citrix Admin CORPORATE\SunSystems Admins CORPORATE\SunSystems Users","PRO-XEN64-M01","","Applications/Model/Sun Systems Model","""C:\Program Files (x86)\Microsoft Office\Office14\EXCEL.EXE""","Model\Sun Systems Model","","Basic","False","1024x768","Colors32Bit"
"Query and Analysis - Model","ServerInstalled","True","CORPORATE\Citrix Admin CORPORATE\SunSystems Admins CORPORATE\SunSystems Users","PRO-XEN64-M01","","Applications/Model/Sun Systems Model","""C:\Program Files (x86)\Infor\Query and Analysis\LsExec.exe""","Model\Sun Systems Model","","Basic","False","1024x768","Colors32Bit"
"Sun Systems - Model","ServerInstalled","True","CORPORATE\Citrix Admin CORPORATE\SunSystems Admins CORPORATE\SunSystems Users","PRO-XEN64-M01","","Applications/Model/Sun Systems Model","""C:\Program Files (x86)\Infor\SunSystems\SunSystems.V5.exe""","Model\Sun Systems Model","","Basic","False","1024x768","Colors32Bit"
"Q&A Setup - Model","ServerInstalled","True","CORPORATE\Citrix Admin CORPORATE\SunSystems Admins CORPORATE\SunSystems Users","PRO-XEN64-M01","","Applications/Model/Sun Systems Model","""C:\Program Files (x86)\Infor\Query and Analysis\VSetup.exe""","Model\Sun Systems Model","","Basic","False","1024x768","Colors32Bit"
"MS OneNote 2010","ServerInstalled","True","CORPORATE\Citrix Admin","PRO-XEN64-B02 PRO-XEN64-B04 PRO-XEN64-B01","","Applications/CAG Only Applications","""C:\Program Files (x86)\Microsoft Office\Office14\ONENOTE.EXE""","CAG Only Applications","","Basic","False","1024x768","Colors32Bit"
"OneNote 2010 Test","ServerInstalled","True","CORPORATE\Citrix Admin CORPORATE\jbyrd","PRO-XEN64-M02","","Applications/TESTING","C:\batch\OneNote.cmd","","","Basic","False","1024x768","Colors32Bit"
"Admin - pro-xen64-a01","ServerDesktop","True","CORPORATE\Citrix Admin","PRO-XEN64-A01","","Applications/Desktops",,"Desktops","","Basic","False","1024x768","Colors32Bit"
"Admin - Pro-xen64-a02","ServerDesktop","True","CORPORATE\Citrix Admin","PRO-XEN64-A02","","Applications/Desktops",,"Desktops","","Basic","False","1024x768","Colors32Bit"
"Admin - pro-xen64-b01","ServerDesktop","True","CORPORATE\Citrix Admin","PRO-XEN64-B01","","Applications/Desktops",,"Desktops","","Basic","False","1024x768","Colors32Bit"
"Admin - pro-xen64-b02","ServerDesktop","True","CORPORATE\Citrix Admin","PRO-XEN64-B02","","Applications/Desktops",,"Desktops","","Basic","False","1024x768","Colors32Bit"
"Admin - proxen64-b03","ServerDesktop","True","CORPORATE\Citrix Admin","PRO-XEN64-B03","","Applications/Desktops",,"Desktops","","Basic","False","1024x768","Colors32Bit"
"Admin - Pro-xen64-b04","ServerDesktop","True","CORPORATE\Citrix Admin","PRO-XEN64-B04","","Applications/Desktops",,"Desktops","","Basic","False","1024x768","Colors32Bit"
"Admin - Pro-xen64-b05","ServerDesktop","True","CORPORATE\Citrix Admin","PRO-XEN64-B05","","Applications/Desktops",,"Desktops","","Basic","False","1024x768","Colors32Bit"
"Admin - Pro-xen64-b06","ServerDesktop","True","CORPORATE\Citrix Admin","PRO-XEN64-B06","","Applications/Desktops",,"Desktops","","Basic","False","1024x768","Colors32Bit"
"Admin - Pro-xen64-c01","ServerDesktop","True","CORPORATE\Citrix Admin","PRO-XEN64-C01","","Applications/Desktops",,"Desktops","","Basic","False","1024x768","Colors32Bit"
"Admin - Pro-xen64-c02","ServerDesktop","True","CORPORATE\Citrix Admin","PRO-XEN64-C02","","Applications/Desktops",,"Desktops","","Basic","False","1024x768","Colors32Bit"
"Admin - Pro-xen64-d01","ServerDesktop","True","CORPORATE\Citrix Admin","PRO-XEN64-D01","","Applications/Desktops",,"Desktops","","Basic","False","1024x768","Colors32Bit"
"Admin - Pro-xen64-d02","ServerDesktop","True","CORPORATE\Citrix Admin","PRO-XEN64-D02","","Applications/Desktops",,"Desktops","","Basic","False","1024x768","Colors32Bit"
"Admin - Pro-xen64-m01","ServerDesktop","True","CORPORATE\Citrix Admin CORPORATE\ckelsey","PRO-XEN64-M01","","Applications/Desktops",,"Desktops","","Basic","False","1024x768","Colors32Bit"
"Admin - Pro-xen64-m02","ServerDesktop","True","CORPORATE\Citrix Admin","PRO-XEN64-M02","","Applications/Desktops",,"Desktops","","Basic","False","1024x768","Colors32Bit"
"Admin - Pro-xen64-zdc","ServerDesktop","True","CORPORATE\Citrix Admin","PRO-XEN64-ZDC","","Applications/Desktops",,"Desktops","","Basic","False","1024x768","Colors32Bit"
"PRA Strategic Plan","ServerInstalled","True","CORPORATE\bskinner CORPORATE\gbromley CORPORATE\domain users","PRO-XEN64-B06 PRO-XEN64-B04 PRO-XEN64-B03 PRO-XEN64-B05","","Applications/Intranet Links","""C:\Program Files (x86)\Internet Explorer\iexplore.exe"" http://sharepoint/StrategicPlan","Intranet Links","","Basic","False","1024x768","Colors32Bit"
"64bit Oasis Model Test","ServerInstalled","True","CORPORATE\gbromley","PRO-XEN64-E01","","Applications","""C:\Oasis DistributionModel\oasis.exe""","","","Basic","False","1024x768","Colors32Bit"
"Excel 2010 Policy Test","ServerInstalled","True","CORPORATE\kmcgowan CORPORATE\mgaines","","Model","Applications/TESTING","""C:\Program Files (x86)\Microsoft Office\Office14\EXCEL.EXE""","TESTING","","Basic","False","1024x768","Colors32Bit"
"64bit Oasis Model - Test","ServerInstalled","True","CORPORATE\Citrix Admin","PRO-XEN64-E01","","Applications/Oasis Upgrade testing","""C:\Oasis DistributionModel\oasis.exe""","Oasis Applications - 64bit","","Basic","False","1024x768","Colors32Bit"
"SQL Developer","ServerInstalled","True","CORPORATE\Citrix Admin CORPORATE\mheim CORPORATE\kpitts CORPORATE\ajesser CORPORATE\jasmith CORPORATE\pakula CORPORATE\rballard CORPORATE\slivingston CORPORATE\ddyer CORPORATE\Toad CORPORATE\cajohnson CORPORATE\nvenkatesh CORPORATE\nlogan CORPORATE\kharris CORPORATE\ddearman","PRO-XEN64-B06 PRO-XEN64-B05","","Applications/SQL","C:\sqldeveloper\sqldeveloper.exe","SQL","","Basic","False","1024x768","Colors32Bit"
"Sean- - Command Prompt","ServerInstalled","True","CORPORATE\Admin CORPORATE\sblankenship","","Admin","Applications/Admin Tools","C:\Windows\System32\cmd.exe","Admin Tools","","Basic","False","1024x768","Colors32Bit"
"Tableau","ServerInstalled","True","CORPORATE\gbromley CORPORATE\ghenige CORPORATE\mstoeckert","PRO-XEN64-D01 PRO-XEN64-D03","","Applications","""C:\Program Files (x86)\Tableau\Tableau 8.1\bin\tableau.exe""","","","Basic","False","1024x768","Colors32Bit"
"Tableau Reader","ServerInstalled","True","CORPORATE\bwells CORPORATE\Citrix Admin CORPORATE\dbrown CORPORATE\mstoeckert CORPORATE\rgwaltney CORPORATE\wbrimer","PRO-XEN64-D01","","Applications","""C:\Program Files\Tableau\Tableau Reader 8.1\bin\tabreader.exe""","","","Basic","False","1024x768","Colors32Bit"
"sql developer model","ServerInstalled","True","CORPORATE\Citrix Admin CORPORATE\mheim CORPORATE\rballard","PRO-XEN64-M01","","Applications/Model","C:\sqldeveloper\sqldeveloper.exe","Model","","Basic","False","1024x768","Colors32Bit"
"OneNote 2013","ServerInstalled","False","CORPORATE\bwells CORPORATE\Citrix Admin CORPORATE\jbevan CORPORATE\jbyrd","","","Applications/CAG Only Applications","""C:\Program Files (x86)\Microsoft Office\Office15\ONENOTE.EXE""","CAG Only Applications","","Basic","False","1024x768","Colors32Bit"
"ProRate","ServerInstalled","True","CORPORATE\gbromley CORPORATE\ghenige CORPORATE\kjackson CORPORATE\kweber","PRO-XEN64-M01","","Applications","""C:\corpsoft\pror..tion_5bb53182243b4dc5_0003.0000_300ca3d29e4bd66e\prorate.exe""","","","Basic","False","1024x768","Colors32Bit"
"TAM 12","ServerInstalled","True","CORPORATE\Agency CORPORATE\Citrix Admin CORPORATE\jtest CORPORATE\kcoley","PRO-XEN64-E01","","Applications/TAM","""C:\batch\TAM\TAM 12.cmd""","TAM","","Basic","False","1024x768","Colors32Bit"
"IVANS","ServerInstalled","True","CORPORATE\Agency CORPORATE\Citrix Admin CORPORATE\jtest","PRO-XEN64-E01","","Applications/TAM","C:\batch\TAM\IVANS.cmd","TAM","","Basic","False","1024x768","Colors32Bit"
"Reports Reindex","ServerInstalled","True","CORPORATE\Agency CORPORATE\Citrix Admin CORPORATE\jtest","PRO-XEN64-E01","","Applications/TAM","C:\batch\TAM\Reports.cmd","TAM","","Basic","False","1024x768","Colors32Bit"
"Unlock","ServerInstalled","True","CORPORATE\Agency CORPORATE\Citrix Admin CORPORATE\jtest","PRO-XEN64-E01","","Applications/TAM","C:\batch\TAM\Unlock.cmd","TAM","","Basic","False","1024x768","Colors32Bit"
"Utility Manager","ServerInstalled","True","CORPORATE\Agency CORPORATE\Citrix Admin CORPORATE\jtest","PRO-XEN64-E01","","Applications/TAM","C:\batch\TAM\Utility.cmd","TAM","","Basic","False","1024x768","Colors32Bit"
"Outlook 2010  - TAM","ServerInstalled","True","CORPORATE\Agency CORPORATE\Citrix Admin","PRO-XEN64-E01","","Applications/TAM","""C:\Program Files (x86)\Microsoft Office\Office14\OUTLOOK.EXE""","TAM","","Basic","False","1024x768","Colors32Bit"
"Remote Desktop - PRO-SUN-SQL","ServerInstalled","True","CORPORATE\gbromley CORPORATE\ghenige CORPORATE\bwells CORPORATE\alane","PRO-XEN64-B02 PRO-XEN64-B05 PRO-XEN64-B06 PRO-XEN64-B04 PRO-XEN64-B01 PRO-XEN64-B03","","Applications/Sunsystems Apps","c:\windows\system32\mstsc.exe /console /v PRO-SUN-SQL","","","Basic","False","1024x768","Colors32Bit"
"Remote Desktop - PRO-SUN-APP1","ServerInstalled","True","CORPORATE\gbromley CORPORATE\ghenige CORPORATE\bwells CORPORATE\alane","PRO-XEN64-B02 PRO-XEN64-B05 PRO-XEN64-B06 PRO-XEN64-B04 PRO-XEN64-B01 PRO-XEN64-B03","","Applications/Sunsystems Apps","c:\windows\system32\mstsc.exe /console /v PRO-SUN-APP1","","","Basic","False","1024x768","Colors32Bit"
"Adobe Reader on pro-xen64-a02","ServerInstalled","True","HAMILTON\kwilliams HAMILTON\lhunt","PRO-XEN64-A02","","Applications/Sun Systems 6","""C:\Program Files (x86)\Adobe\Reader 11.0\Reader\AcroRd32.exe""","Sun Systems 6","","Basic","False","1024x768","Colors32Bit"
"Active Directory Photos","ServerInstalled","True","CORPORATE\Citrix Admin HAMILTON\cprime","PRO-XEN64-E02 PRO-XEN64-D03","","Applications/Admin Tools","""C:\Program Files (x86)\CodeTwo\CodeTwo Active Directory Photos\CodeTwo Active Directory Photos.exe""","Admin Tools","","Basic","False","1024x768","Colors32Bit"
"Lumira","ServerInstalled","True","CORPORATE\gbromley CORPORATE\ghenige CORPORATE\mstoeckert CORPORATE\trockey CORPORATE\dallinder CORPORATE\rballard CORPORATE\mibrown CORPORATE\ddyer","PRO-XEN64-D01 PRO-XEN64-D03","","Applications","""C:\Program Files\SAP Lumira\Desktop\SAPLumira.exe""","","","Basic","False","1024x768","Colors32Bit"
"Internet Explorer 11","ServerInstalled","True","CORPORATE\domain users","PRO-XEN64-D01 PRO-XEN64-D03","","Applications","""C:\Program Files (x86)\Internet Explorer\iexplore.exe"" http://www.proassurance.com","","","Basic","False","1024x768","Colors32Bit"
"VM Turbo Web Interface","ServerInstalled","True","CORPORATE\Citrix Admin","PRO-XEN64-D01 PRO-XEN64-D03","","Applications/Admin Tools","""C:\Program Files (x86)\Internet Explorer\iexplore.exe"" https://pro-vmturbo/com.vmturbo.UI/UIMain.html","Admin Tools","","Basic","False","1024x768","Colors32Bit"
"Sharepoint3360","ServerInstalled","True","HAMILTON\jwagman HAMILTON\kwilliams HAMILTON\lhunt CORPORATE\Consultants CORPORATE\ProAssurance-Employees CORPORATE\Desktop Support CORPORATE\Citrix Admin CORPORATE\dfluegel","PRO-XEN64-B04 PRO-XEN64-B03","","Applications/Intranet Links","""C:\Program Files (x86)\Internet Explorer\iexplore.exe"" http://sharepoint13","\Intranet Links","","Basic","False","1024x768","Colors32Bit"
"Oasis64-DEV","ServerInstalled","True","CORPORATE\Citrix Admin CORPORATE\djackson CORPORATE\ CORPORATE\cmuellersmith CORPORATE\ttelioukova CORPORATE\rcastillo CORPORATE\jphillips CORPORATE\ CORPORATE\mibrown CORPORATE\jvines CORPORATE\cajohnson CORPORATE\sblackwood CORPORATE\ CORPORATE\kpitts CORPORATE\kmcewen CORPORATE\ajesser CORPORATE\kmalin CORPORATE\llanier CORPORATE\dallinder","PRO-XEN64-DEV","","Applications/Oasis 64bit Testing","C:\Oasis32\oasis.exe","Oasis 64bit Testing","","Basic","False","1024x768","Colors32Bit"
"Crystal 2013","ServerInstalled","True","CORPORATE\Citrix Admin CORPORATE\rballard CORPORATE\trockey CORPORATE\stroup CORPORATE\jvines","PRO-XEN64-D03 PRO-XEN64-D02","","Applications/Crystal","""C:\Program Files (x86)\SAP BusinessObjects\SAP BusinessObjects Enterprise XI 4.0\win32_x86\crw32.exe""","Crystal 2013","","Basic","False","1024x768","Colors32Bit"
"HP Exstream Designer 64bit","ServerInstalled","True","CORPORATE\Citrix Admin CORPORATE\HP Exstream Admins CORPORATE\HP Exstream Designers","PRO-XEN64-E01","","Applications/HP Exstream - 64bit","""C:\Program Files (x86)\Hewlett-Packard\HP Exstream\HP Exstream 9.0.104\DesignManager.exe""","HP Exstream - 64bit","","Basic","False","1024x768","Colors32Bit"
"HP Exstream DBAdmin 64bit","ServerInstalled","True","CORPORATE\brussell CORPORATE\Citrix Admin CORPORATE\jphillips","PRO-XEN64-E01","","Applications/HP Exstream - 64bit","""C:\Program Files (x86)\Hewlett-Packard\HP Exstream\HP Exstream 9.0.104\DBAdmin.exe""","HP Exstream - 64bit","","Basic","False","1024x768","Colors32Bit"
"Cherwell","ServerInstalled","True","CORPORATE\Citrix Admin CORPORATE\Desktop Support","PRO-XEN64-B04 PRO-XEN64-B03","","Applications","""C:\Program Files (x86)\Cherwell Service Management\DashboardViewer.exe""","","","Basic","False","1024x768","Colors32Bit"
"Cherwell Service Management","ServerInstalled","True","CORPORATE\Citrix Admin CORPORATE\Desktop Support CORPORATE\Cherwell Users CORPORATE\mstoeckert HAMILTON\cprime HAMILTON\mcheung HAMILTON\pwinston HAMILTON\dfernando HAMILTON\cko HAMILTON\gsheppard HAMILTON\dhorvath HAMILTON\med-ctest3","PRO-XEN64-B04 PRO-XEN64-B03","","Applications","""C:\Program Files (x86)\Cherwell Service Management\Trebuchet.App.exe""","","","Basic","False","1024x768","Colors32Bit"
"BI Launchpad","ServerInstalled","True","CORPORATE\Citrix Admin CORPORATE\ProAssurance-Employees CORPORATE\lhunt HAMILTON\lhunt HAMILTON\mgray","PRO-XEN64-D01 PRO-XEN64-D03","","Applications","""C:\Program Files (x86)\Internet Explorer\iexplore.exe"" http://pro-bi","","","Basic","False","1024x768","Colors32Bit"
"Jabber","ServerInstalled","True","CORPORATE\Citrix Admin CORPORATE\erand CORPORATE\awells CORPORATE\jbyrd","PRO-XEN64-M02 PRO-XEN64-M01","","Applications","C:\batch\Jabber.cmd","","","Basic","False","1024x768","Colors32Bit"
"Cherwell - Help Desk Portal Home","ServerInstalled","True","CORPORATE\Citrix Admin CORPORATE\domain users","PRO-XEN64-D01 PRO-XEN64-D03","","Applications/Intranet Links","""C:\Program Files (x86)\Internet Explorer\iexplore.exe"" http://pro-cherwell/CherwellPortal/winlogin","Intranet Links","","Basic","False","1024x768","Colors32Bit"
"Claims AP Process Model","ServerInstalled","True","CORPORATE\jphillips CORPORATE\bbrake CORPORATE\dhughes CORPORATE\jelliott","PRO-XEN64-M02 PRO-XEN64-M01","","Applications/Sunsystems Apps/Model","""C:\Program Files (x86)\ProAssurance Corporation\Claims AP Process Model\AP Process - Model.exe""","Sunsystems Apps\Model","","Basic","False","1024x768","Colors32Bit"
"Wisconsin Medical Society 64 - Model","ServerInstalled","True","CORPORATE\jphillips CORPORATE\rgreen","PRO-XEN64-M02 PRO-XEN64-M01","","Applications/Model","""C:\Program Files (x86)\ProAssurance Corporation\Wisconsin Medical Society\Wisconsin Medical Society.exe""","Model","","Basic","False","1024x768","Colors32Bit"
"Accounting AP Process Model","ServerInstalled","True","CORPORATE\jphillips CORPORATE\bclough","PRO-XEN64-M02 PRO-XEN64-M01","","Applications/Sunsystems Apps/Model","""C:\Program Files (x86)\ProAssurance Corporation\Accounting AP Process Model\AP Process Model.exe""","Sunsystems Apps\Model","","Basic","False","1024x768","Colors32Bit"
"Notepad - PRO-XEN64-E01","ServerInstalled","True","CORPORATE\Citrix Admin EIHI\jnolte EIHI\testnormaluser HAMILTON\!gbromley PICA_NT\bgaither","PRO-XEN64-E01","","Applications/Notepad","c:\windows\notepad.exe","Notepad","","Basic","False","1024x768","Colors32Bit"
"Notepad - PRO-XEN64-E02","ServerInstalled","True","CORPORATE\Citrix Admin","PRO-XEN64-E02","","Applications/Notepad","c:\windows\notepad.exe","Notepad","","Basic","False","1024x768","Colors32Bit"
"Remote Desktop - pro-presidio-ad","ServerInstalled","True","CORPORATE\Citrix Admin CORPORATE\rsexton CORPORATE\rwatkins","PRO-XEN64-B04 PRO-XEN64-B03","","Applications/Remote Desktop","c:\windows\system32\mstsc.exe /console /v pro-presidio-ad","Remote Desktop","","Basic","False","1024x768","Colors32Bit"
"pro-boson-w7 Remote Desktop","ServerInstalled","True","CORPORATE\Citrix Admin CORPORATE\mdadfarma CORPORATE\mteekah","PRO-XEN64-B06 PRO-XEN64-B05","","Applications/Remote Desktop","""C:\Windows\System32\mstsc"" /v: 10.4.2.209","Remote Desktop","","Basic","False","1024x768","Colors32Bit"
"ImageRight Prod 5_7 - Desktop","ServerInstalled","True","CORPORATE\Citrix Admin CORPORATE\jwright CORPORATE\vivi CORPORATE\ajesser CORPORATE\asubramanyam CORPORATE\pakula CORPORATE\awells CORPORATE\gtest CORPORATE\jtest CORPORATE\hmcreynolds CORPORATE\dmckee CORPORATE\brussell CORPORATE\jphillips CORPORATE\bmyers CORPORATE\ImageRight5","PRO-XEN64-A03 PRO-XEN64-A09 PRO-XEN64-A17 PRO-XEN64-A21 PRO-XEN64-A16 PRO-XEN64-A11 PRO-XEN64-A07 PRO-XEN64-A20 PRO-XEN64-A14 PRO-XEN64-A04 PRO-XEN64-A18 PRO-XEN64-A22 PRO-XEN64-A12 PRO-XEN64-A08 PRO-XEN64-A10 PRO-XEN64-A05 PRO-XEN64-A06 PRO-XEN64-A19 PRO-XEN64-A13","","Applications/ImageRight 5 - New Version","""C:\Program Files (x86)\ProAssurance Corporation\MeToME\PRA.MeToMe.exe""","ImageRight 5","","Basic","False","1024x768","Colors32Bit"
"Putty","ServerInstalled","True","CORPORATE\Citrix Admin","PRO-XEN64-D01 PRO-XEN64-D03","","Applications/Admin Tools","C:\corpsoft\putty.exe","Admin Tools","","Basic","False","1024x768","Colors32Bit"
"Remote Desktop - PRO-TM1-PROD","ServerInstalled","True","CORPORATE\Citrix Admin CORPORATE\dkirk CORPORATE\ CORPORATE\crodriguez","PRO-XEN64-D01 PRO-XEN64-C02","","Applications/Remote Desktop","""C:\Windows\System32\mstsc"" /v: pro-tm1-prod.corporate.local","Remote Desktop","","Basic","False","1024x768","Colors32Bit"
"Remote Desktop - PRO-TM1-DEV","ServerInstalled","True","CORPORATE\Citrix Admin CORPORATE\dkirk CORPORATE\ CORPORATE\crodriguez","PRO-XEN64-D01 PRO-XEN64-C02","","Applications/Remote Desktop","""C:\Windows\System32\mstsc"" /v: pro-tm1-dev.corporate.local","Remote Desktop","","Basic","False","1024x768","Colors32Bit"
"Remote Desktop - pro-crm2015-dev","ServerInstalled","True","CORPORATE\Citrix Admin CORPORATE\sjung CORPORATE\sswink CORPORATE\dpanek CORPORATE\rpindar","PRO-XEN64-D01 PRO-XEN64-C02","","Applications/Remote Desktop","c:\windows\system32\mstsc.exe /console /v pro-crm2015-dev","Remote Desktop","","Basic","False","1024x768","Colors32Bit"
"ImageRight EMC Prod","ServerInstalled","True","CORPORATE\brussell CORPORATE\Citrix Admin CORPORATE\vivi CORPORATE\jwright CORPORATE\jphillips CORPORATE\bmyers CORPORATE\dmckee","PRO-XEN64-A03 PRO-XEN64-A09 PRO-XEN64-A17 PRO-XEN64-A21 PRO-XEN64-A11 PRO-XEN64-A16 PRO-XEN64-A07 PRO-XEN64-A20 PRO-XEN64-A14 PRO-XEN64-A04 PRO-XEN64-A18 PRO-XEN64-A22 PRO-XEN64-A12 PRO-XEN64-A08 PRO-XEN64-A15 PRO-XEN64-A10 PRO-XEN64-A05 PRO-XEN64-A06 PRO-XEN64-A19 PRO-XEN64-A13","","Applications/ImageRight 5 - New Version","""C:\Program Files (x86)\ImageRight\Clients\imageright.emc.exe""","ImageRight 5 - New Version","","Basic","False","1024x768","Colors32Bit"
"SDS Policy Search - 64","ServerInstalled","True","CORPORATE\Citrix Admin CORPORATE\jphillips CORPORATE\kmcewen","PRO-XEN64-M02","","Applications/Model","""C:\ProAssurance\SDS Policy Search\Model\PRA.SDS.PolicySearch.exe""","","","Basic","False","1024x768","Colors32Bit"
"Remote Desktop - BHMIS-3WHKNS1-D","ServerInstalled","True","CORPORATE\Citrix Admin CORPORATE\sswink","PRO-XEN64-D01 PRO-XEN64-C02","","Applications/Remote Desktop","C:\Windows\System32\mstsc.exe /v:BHMIS-3WHKNS1-D","Remote Desktop","","Basic","False","1024x768","Colors32Bit"
"Notepad - PRO-XEN64-F01","ServerInstalled","True","CORPORATE\Citrix Admin","PRO-XEN64-F01","","Applications/Notepad","c:\windows\Notepad.exe","Notepad","","Basic","False","1024x768","Colors32Bit"
"Notepad - PRO-XEN64-G01","ServerInstalled","True","CORPORATE\Citrix Admin","","","Applications/Notepad","c:\windows\notepad.exe","Notepad","","Basic","False","1024x768","Colors32Bit"
"Admin - Pro-xen64-d03","ServerDesktop","True","CORPORATE\Citrix Admin","PRO-XEN64-D03","","Applications/Desktops",,"Admin Desktops","","Basic","False","1024x768","Colors32Bit"
"Admin - Pro-xen64-f01","ServerDesktop","True","CORPORATE\Citrix Admin","PRO-XEN64-F01","","Applications/Desktops",,"Admin Desktops","","Basic","False","1024x768","Colors32Bit"
"Admin - Pro-xen64-g01","ServerDesktop","True","CORPORATE\Citrix Admin","","","Applications/Desktops",,"Admin Desktops","","Basic","False","1024x768","Colors32Bit"
"Admin - Pro-xen64-e01","ServerDesktop","True","CORPORATE\Citrix Admin","PRO-XEN64-E01","","Applications/Desktops",,"Admin Desktops","","Basic","False","1024x768","Colors32Bit"
"Admin - Pro-xen64-e02","ServerDesktop","True","CORPORATE\Citrix Admin","PRO-XEN64-E02","","Applications/Desktops",,"Admin Desktops","","Basic","False","1024x768","Colors32Bit"
"Notepad - PRO-XEN64-D03","ServerInstalled","True","CORPORATE\Citrix Admin","PRO-XEN64-D03","","Applications/Notepad","c:\windows\notepad.exe","Notepad","","Basic","False","1024x768","Colors32Bit"
"Oasis Production","ServerInstalled","True","CORPORATE\Citrix Admin CORPORATE\Application Development CORPORATE\Oasis Users CORPORATE\bdaugherty CORPORATE\ajesser CORPORATE\cellison CORPORATE\jhenshaw PICA_NT\sring PICA_NT\DRS PICA_NT\KPHILLIP","PRO-XEN64-A03 PRO-XEN64-A09 PRO-XEN64-A17 PRO-XEN64-A21 PRO-XEN64-A16 PRO-XEN64-A11 PRO-XEN64-A07 PRO-XEN64-A20 PRO-XEN64-A14 PRO-XEN64-A04 PRO-XEN64-A18 PRO-XEN64-A22 PRO-XEN64-A12 PRO-XEN64-A08 PRO-XEN64-A10 PRO-XEN64-A05 PRO-XEN64-A06 PRO-XEN64-A19 PRO-XEN64-A13","","Applications/Oasis Applications","""C:\Oasis Distribution\Oasis\oasis.exe""","Oasis Applications","","Basic","False","1024x768","Colors32Bit"
"ImageRight Prod - PRO-XEN64-A03","ServerInstalled","True","CORPORATE\Citrix Admin","PRO-XEN64-A03","","Applications/ImageRight Troubleshooting","""C:\Program Files (x86)\ProAssurance Corporation\MeToME\PRA.MeToMe.exe""","ImageRight Troubleshooting","","Basic","False","1024x768","Colors32Bit"
"ImageRight Prod - PRO-XEN64-A04","ServerInstalled","True","CORPORATE\Citrix Admin","PRO-XEN64-A04","","Applications/ImageRight Troubleshooting","""C:\Program Files (x86)\ProAssurance Corporation\MeToME\PRA.MeToMe.exe""","ImageRight Troubleshooting","","Basic","False","1024x768","Colors32Bit"
"Notepad - PRO-XEN64-A08","ServerInstalled","True","CORPORATE\Citrix Admin","PRO-XEN64-A08","","Applications/Notepad","c:\windows\notepad.exe","Notepad","","Basic","False","1024x768","Colors32Bit"
"Oasis Production - Large Policy","ServerInstalled","True","CORPORATE\cconner CORPORATE\cthomas CORPORATE\dfarr CORPORATE\jwright CORPORATE\kcornelius CORPORATE\kmcewen CORPORATE\mwolfe CORPORATE\renders CORPORATE\thimel","PRO-XEN64-A15","","Applications/Oasis Applications","C:\Oasis32\oasis.exe","Oasis Applications","","Basic","False","1024x768","Colors32Bit"
"Notepad - PRO-XEN64-A03","ServerInstalled","True","CORPORATE\Citrix Admin CORPORATE\Desktop Support CORPORATE\gtest","PRO-XEN64-A03","","Applications/Notepad","c:\windows\notepad.exe","\Notepad","","Basic","False","1024x768","Colors32Bit"
"Notepad - PRO-XEN64-A05","ServerInstalled","True","CORPORATE\Citrix Admin CORPORATE\Desktop Support CORPORATE\gtest","PRO-XEN64-A05","","Applications/Notepad","C:\WINDOWS\NOTEPAD.EXE","Notepad","","Basic","False","1024x768","Colors32Bit"
"Notepad -  PRO-XEN64-A04","ServerInstalled","True","CORPORATE\Citrix Admin CORPORATE\Desktop Support","PRO-XEN64-A04","","Applications/Notepad","C:\WINDOWS\NOTEPAD.EXE","Notepad","","Basic","False","1024x768","Colors32Bit"
"Notepad - PRO-XEN64-A06","ServerInstalled","True","CORPORATE\Citrix Admin CORPORATE\Desktop Support","PRO-XEN64-A06","","Applications/Notepad","C:\WINDOWS\NOTEPAD.EXE","Notepad","","Basic","False","1024x768","Colors32Bit"
"Notepad - PRO-XEN64-A07","ServerInstalled","True","CORPORATE\Citrix Admin CORPORATE\Desktop Support","PRO-XEN64-A07","","Applications/Notepad","C:\WINDOWS\NOTEPAD.EXE","Notepad","","Basic","False","1024x768","Colors32Bit"
"Notepad - PRO-XEN64-A09","ServerInstalled","True","CORPORATE\Citrix Admin CORPORATE\Desktop Support","PRO-XEN64-A09","","Applications/Notepad","C:\WINDOWS\NOTEPAD.EXE","Notepad","","Basic","False","1024x768","Colors32Bit"
"Notepad - PRO-XEN64-A10","ServerInstalled","True","CORPORATE\Citrix Admin CORPORATE\Desktop Support","PRO-XEN64-A10","","Applications/Notepad","C:\WINDOWS\NOTEPAD.EXE","Notepad","","Basic","False","1024x768","Colors32Bit"
"Notepad - PRO-XEN64-A11","ServerInstalled","True","CORPORATE\Citrix Admin CORPORATE\Desktop Support","PRO-XEN64-A11","","Applications/Notepad","C:\WINDOWS\NOTEPAD.EXE","Notepad","","Basic","False","1024x768","Colors32Bit"
"Notepad - PRO-XEN64-A12","ServerInstalled","True","CORPORATE\Citrix Admin CORPORATE\Desktop Support","PRO-XEN64-A12","","Applications/Notepad","C:\WINDOWS\NOTEPAD.EXE","Notepad","","Basic","False","1024x768","Colors32Bit"
"Notepad - PRO-XEN64-A13","ServerInstalled","True","CORPORATE\Citrix Admin CORPORATE\Desktop Support","PRO-XEN64-A13","","Applications/Notepad","C:\WINDOWS\NOTEPAD.EXE","Notepad","","Basic","False","1024x768","Colors32Bit"
"Notepad - PRO-XEN64-A14","ServerInstalled","True","CORPORATE\Citrix Admin CORPORATE\Desktop Support","PRO-XEN64-A14","","Applications/Notepad","C:\WINDOWS\NOTEPAD.EXE","Notepad","","Basic","False","1024x768","Colors32Bit"
"Notepad - PRO-XEN64-A15","ServerInstalled","True","CORPORATE\Citrix Admin CORPORATE\Desktop Support","PRO-XEN64-A15","","Applications/Notepad","C:\WINDOWS\NOTEPAD.EXE","Notepad","","Basic","False","1024x768","Colors32Bit"
"Notepad - PRO-XEN64-A16","ServerInstalled","True","CORPORATE\Citrix Admin CORPORATE\Desktop Support","PRO-XEN64-A16","","Applications/Notepad","C:\WINDOWS\NOTEPAD.EXE","Notepad","","Basic","False","1024x768","Colors32Bit"
"Notepad - PRO-XEN64-A17","ServerInstalled","True","CORPORATE\Citrix Admin CORPORATE\Desktop Support","PRO-XEN64-A17","","Applications/Notepad","C:\WINDOWS\NOTEPAD.EXE","Notepad","","Basic","False","1024x768","Colors32Bit"
"Notepad - PRO-XEN64-A18","ServerInstalled","True","CORPORATE\Citrix Admin CORPORATE\Desktop Support","PRO-XEN64-A18","","Applications/Notepad","C:\WINDOWS\NOTEPAD.EXE","Notepad","","Basic","False","1024x768","Colors32Bit"
"Notepad - PRO-XEN64-A19","ServerInstalled","True","CORPORATE\Citrix Admin CORPORATE\Desktop Support","PRO-XEN64-A19","","Applications/Notepad","C:\WINDOWS\NOTEPAD.EXE","Notepad","","Basic","False","1024x768","Colors32Bit"
"Notepad - PRO-XEN64-A20","ServerInstalled","True","CORPORATE\Citrix Admin CORPORATE\Desktop Support","PRO-XEN64-A20","","Applications/Notepad","C:\WINDOWS\NOTEPAD.EXE","Notepad","","Basic","False","1024x768","Colors32Bit"
"Notepad - PRO-XEN64-A21","ServerInstalled","True","CORPORATE\Citrix Admin CORPORATE\Desktop Support","PRO-XEN64-A21","","Applications/Notepad","C:\WINDOWS\NOTEPAD.EXE","Notepad","","Basic","False","1024x768","Colors32Bit"
"Notepad - PRO-XEN64-A22","ServerInstalled","True","CORPORATE\Citrix Admin CORPORATE\Desktop Support","PRO-XEN64-A22","","Applications/Notepad","C:\WINDOWS\NOTEPAD.EXE","Notepad","","Basic","False","1024x768","Colors32Bit"
"ImageRight Prod - PRO-XEN64-A05","ServerInstalled","True","CORPORATE\Citrix Admin CORPORATE\gtest CORPORATE\jtest","PRO-XEN64-A05","","Applications/ImageRight Troubleshooting","""C:\Program Files (x86)\ProAssurance Corporation\MeToME\PRA.MeToMe.exe""","ImageRight Troubleshooting","","Basic","False","1024x768","Colors32Bit"
"ImageRight Prod - PRO-XEN64-A06","ServerInstalled","True","CORPORATE\Citrix Admin","PRO-XEN64-A06","","Applications/ImageRight Troubleshooting","""C:\Program Files (x86)\ProAssurance Corporation\MeToME\PRA.MeToMe.exe""","ImageRight Troubleshooting","","Basic","False","1024x768","Colors32Bit"
"ImageRIght Prod - PRO-XEN64-A07","ServerInstalled","True","CORPORATE\Citrix Admin CORPORATE\gtest CORPORATE\jtest","PRO-XEN64-A07","","Applications/ImageRight Troubleshooting","""C:\Program Files (x86)\ProAssurance Corporation\MeToME\PRA.MeToMe.exe""","ImageRight Troubleshooting","","Basic","False","1024x768","Colors32Bit"
"ImageRight Prod - PRO-XEN64-A08","ServerInstalled","True","CORPORATE\Citrix Admin CORPORATE\gtest CORPORATE\jtest","PRO-XEN64-A08","","Applications/ImageRight Troubleshooting","""C:\Program Files (x86)\ProAssurance Corporation\MeToME\PRA.MeToMe.exe""","ImageRight Troubleshooting","","Basic","False","1024x768","Colors32Bit"
"ImageRight Prod - PRO-XEN64-A09","ServerInstalled","True","CORPORATE\Citrix Admin CORPORATE\gtest CORPORATE\jtest","PRO-XEN64-A09","","Applications/ImageRight Troubleshooting","""C:\Program Files (x86)\ProAssurance Corporation\MeToME\PRA.MeToMe.exe""","ImageRight Troubleshooting","","Basic","False","1024x768","Colors32Bit"
"ImageRight Prod - PRO-XEN64-A10","ServerInstalled","True","CORPORATE\Citrix Admin CORPORATE\gtest CORPORATE\jtest","PRO-XEN64-A10","","Applications/ImageRight Troubleshooting","""C:\Program Files (x86)\ProAssurance Corporation\MeToME\PRA.MeToMe.exe""","ImageRight Troubleshooting","","Basic","False","1024x768","Colors32Bit"
"ImageRight Prod - PRO-XEN64-A11","ServerInstalled","True","CORPORATE\Citrix Admin CORPORATE\gtest CORPORATE\jtest","PRO-XEN64-A11","","Applications/ImageRight Troubleshooting","""C:\Program Files (x86)\ProAssurance Corporation\MeToME\PRA.MeToMe.exe""","ImageRight Troubleshooting","","Basic","False","1024x768","Colors32Bit"
"ImageRight Prod - PRO-XEN64-A12","ServerInstalled","True","CORPORATE\Citrix Admin CORPORATE\gtest CORPORATE\jtest","PRO-XEN64-A12","","Applications/ImageRight Troubleshooting","""C:\Program Files (x86)\ProAssurance Corporation\MeToME\PRA.MeToMe.exe""","ImageRight Troubleshooting","","Basic","False","1024x768","Colors32Bit"
"ImageRight Prod - PRO-XEN64-A13","ServerInstalled","True","CORPORATE\Citrix Admin CORPORATE\gtest CORPORATE\jtest","PRO-XEN64-A13","","Applications/ImageRight Troubleshooting","""C:\Program Files (x86)\ProAssurance Corporation\MeToME\PRA.MeToMe.exe""","ImageRight Troubleshooting","","Basic","False","1024x768","Colors32Bit"
"ImageRight Prod - PRO-XEN64-A14","ServerInstalled","True","CORPORATE\Citrix Admin CORPORATE\gtest CORPORATE\jtest","PRO-XEN64-A14","","Applications/ImageRight Troubleshooting","""C:\Program Files (x86)\ProAssurance Corporation\MeToME\PRA.MeToMe.exe""","ImageRight Troubleshooting","","Basic","False","1024x768","Colors32Bit"
"ImageRight Prod - PRO-XEN64-A15","ServerInstalled","True","CORPORATE\Citrix Admin CORPORATE\gtest CORPORATE\jtest","PRO-XEN64-A15","","Applications/ImageRight Troubleshooting","""C:\Program Files (x86)\ProAssurance Corporation\MeToME\PRA.MeToMe.exe""","ImageRight Troubleshooting","","Basic","False","1024x768","Colors32Bit"
"Oasis Model","ServerInstalled","True","CORPORATE\Birmingham Office CORPORATE\chancock CORPORATE\Cleveland Office CORPORATE\Columbus CORPORATE\Dallas Office CORPORATE\Houston Office CORPORATE\Indiana CORPORATE\jwallace CORPORATE\Louisville CORPORATE\Madison CORPORATE\Naperville CORPORATE\Okemos CORPORATE\ProAssurance-Employees CORPORATE\Richmond CORPORATE\slivingston CORPORATE\Springfield CORPORATE\Tampa CORPORATE\trockey CORPORATE\Washington CORPORATE\Mobile CORPORATE\Miramar","PRO-XEN64-M02 PRO-XEN64-M01","","Applications/Oasis Applications","""C:\oasis distribution\model\Oasis.exe""","Oasis Applications","","Basic","False","1024x768","Colors32Bit"
"OasisCRM","ServerInstalled","True","CORPORATE\ajesser CORPORATE\bbowen CORPORATE\bbrake CORPORATE\ddearman CORPORATE\dguarneri CORPORATE\dhughes CORPORATE\jmurdock CORPORATE\jsnipes CORPORATE\jyonfa CORPORATE\Citrix Admin CORPORATE\kmalin CORPORATE\acapote CORPORATE\djackson","PRO-XEN64-M02 PRO-XEN64-M01","","Applications/Oasis Applications","C:\OasisCRM\oasis.exe","Oasis Applications","","Basic","False","1024x768","Colors32Bit"
"Accounting AP Process","ServerInstalled","True","CORPORATE\Citrix Admin CORPORATE\ACCT AP Process CORPORATE\jphillips","PRO-XEN64-B02 PRO-XEN64-B01","","Applications/Sunsystems Apps","""C:\Program Files\ProAssurance Corporation\AP Process\AP Process.exe""","Sunsystems Apps","","Basic","False","1024x768","Colors32Bit"
"Claims AP Process","ServerInstalled","True","CORPORATE\APProcess CORPORATE\Citrix Admin","PRO-XEN64-B02 PRO-XEN64-B01","","Applications/Sunsystems Apps","""C:\Program Files\ProAssurance Corporation\AP Process Claims\AP Process.exe""","Sunsystems Apps","","Basic","False","1024x768","Colors32Bit"
"Remote Desktop - PRO-PWC-CONT","ServerInstalled","True","CORPORATE\achakraborty CORPORATE\Citrix Admin CORPORATE\gkarithanam CORPORATE\mgemini CORPORATE\pboppuri CORPORATE\sbharati CORPORATE\rsrinivasa CORPORATE\kpatil CORPORATE\vraheja CORPORATE\bjoshi","PRO-XEN64-D01 PRO-XEN64-C02","","Applications/Remote Desktop","""C:\Windows\System32\mstsc"" /v: pro-pwc-cont","Remote Desktop","","Basic","False","1024x768","Colors32Bit"
"Oasis PreProd","ServerInstalled","True","CORPORATE\Citrix Admin CORPORATE\cmuellersmith CORPORATE\vivi CORPORATE\sdapkus CORPORATE\jyonfa CORPORATE\cmoore CORPORATE\ttelioukova CORPORATE\tsims CORPORATE\cellison CORPORATE\wpoole CORPORATE\khall CORPORATE\sblackwood CORPORATE\llanier CORPORATE\rcastillo CORPORATE\kmalin CORPORATE\mibrown CORPORATE\dmckee CORPORATE\Oasis Pre-Production CORPORATE\avarden CORPORATE\snix","PRO-XEN64-M02 PRO-XEN64-M01","","Applications/Oasis Applications","C:\Oasis32PreProd\oasis.exe","Oasis Applications","","Basic","False","1024x768","Colors32Bit"
"Oasis Pre Model","ServerInstalled","True","CORPORATE\Citrix Admin CORPORATE\cmuellersmith CORPORATE\ddyer CORPORATE\vivi CORPORATE\vtaylor CORPORATE\sdapkus CORPORATE\bwaldrop CORPORATE\ktaylor CORPORATE\djackson CORPORATE\ttelioukova CORPORATE\rgreen CORPORATE\tsims CORPORATE\cajohnson CORPORATE\llanier CORPORATE\rcastillo CORPORATE\kmalin CORPORATE\jphillips CORPORATE\bhill CORPORATE\jvines","PRO-XEN64-M02 PRO-XEN64-M01","","Applications/Oasis Applications","C:\Oasis32PreModel\oasis.exe","Oasis Applications","","Basic","False","1024x768","Colors32Bit"
"COD - Model","ServerInstalled","True","CORPORATE\Citrix Admin CORPORATE\mheim CORPORATE\asubramanyam CORPORATE\jusher PICA_NT\jusher","PRO-XEN64-M02 PRO-XEN64-M01","","Applications/Sunsystems Apps","C:\COD\Model\ProAssurance.COD.Model.exe","Sunsystems Applications","","Basic","False","1024x768","Colors32Bit"
"Wisconsin Medical Society","ServerInstalled","True","CORPORATE\Citrix Admin CORPORATE\jphillips CORPORATE\rgreen CORPORATE\cmuellersmith CORPORATE\jvines CORPORATE\jschill","PRO-XEN64-B06","","Applications","""C:\Program Files (x86)\Proassurance Corporation\WMS\Wisconsin Medical Society.exe""","","","Basic","False","1024x768","Colors32Bit"
"Oasis Model - M02","ServerInstalled","True","CORPORATE\djackson CORPORATE\cmuellersmith CORPORATE\jvines CORPORATE\ckelsey","PRO-XEN64-M02","","Applications/Oasis Applications","""C:\Oasis Distribution\model\oasis.exe""","Oasis Applications","","Basic","False","1024x768","Colors32Bit"
"Oasis CRM - BBOWEN","ServerInstalled","True","CORPORATE\bbowen","PRO-XEN64-M01","","Applications/Oasis Applications","C:\OasisCRM\oasis.exe","Oasis Applications","","Basic","False","1024x768","Colors16Bit"
"Oasis Model - M01","ServerInstalled","True","CORPORATE\Citrix Admin CORPORATE\tgarrett","PRO-XEN64-M01","","Applications/Oasis Applications","""C:\Oasis Distribution\model\oasis.exe""","Oasis Applications","","Basic","False","1024x768","Colors32Bit"
"OASIS PROD TEST","ServerInstalled","True","CORPORATE\cmuellersmith CORPORATE\djackson CORPORATE\gbromley","PRO-XEN64-OADEV","","Applications/Oasis Applications","""C:\oasis distribution\oasis\oasis.exe""","Oasis Applications","","Basic","False","1024x768","Colors32Bit"
"ImageRight Workflow Studio 5_7 Product","ServerInstalled","True","CORPORATE\Citrix Admin CORPORATE\vivi CORPORATE\brussell CORPORATE\ImageRight Admins","PRO-XEN64-A09 PRO-XEN64-A03 PRO-XEN64-A17 PRO-XEN64-A21 PRO-XEN64-A11 PRO-XEN64-A16 PRO-XEN64-A07 PRO-XEN64-A20 PRO-XEN64-A14 PRO-XEN64-A04 PRO-XEN64-A18 PRO-XEN64-A22 PRO-XEN64-A12 PRO-XEN64-A08 PRO-XEN64-A15 PRO-XEN64-A10 PRO-XEN64-A05 PRO-XEN64-A06 PRO-XEN64-A19 PRO-XEN64-A13","","Applications/ImageRight 5 - New Version","""C:\Program Files (x86)\ImageRight\Clients\imageright.workflow.studio.exe""","ImageRight 5","","Basic","False","1024x768","Colors32Bit"
"Word 2013","ServerInstalled","True","CORPORATE\Citrix Admin CORPORATE\mstoeckert","PRO-XEN64-A02","","Applications/CAG Only Applications/Office 2013","""C:\Program Files (x86)\Microsoft Office\Office15\WINWORD.EXE""","Office 2013","","Basic","False","1024x768","Colors32Bit"
"Outlook 2013","ServerInstalled","True","CORPORATE\Citrix Admin CORPORATE\mstoeckert","PRO-XEN64-A02","","Applications/CAG Only Applications/Office 2013","""C:\Program Files (x86)\Microsoft Office\Office15\OUTLOOK.EXE""","Office 2013","","Basic","False","1024x768","Colors32Bit"
"Excel 2013","ServerInstalled","True","CORPORATE\Citrix Admin CORPORATE\mstoeckert","PRO-XEN64-A02","","Applications/CAG Only Applications/Office 2013","""C:\Program Files (x86)\Microsoft Office\Office15\EXCEL.EXE""","Office 2013","","Basic","False","1024x768","Colors32Bit"
"PowerPoint 2013","ServerInstalled","True","CORPORATE\Citrix Admin CORPORATE\mstoeckert","PRO-XEN64-A02","","Applications/CAG Only Applications/Office 2013","""C:\Program Files (x86)\Microsoft Office\Office15\POWERPNT.EXE""","Office 2013","","Basic","False","1024x768","Colors32Bit"
"Access 2013","ServerInstalled","True","CORPORATE\Citrix Admin CORPORATE\mstoeckert","PRO-XEN64-A02","","Applications/CAG Only Applications/Office 2013","""C:\Program Files (x86)\Microsoft Office\Office15\MSACCESS.EXE""","Office 2013","","Basic","False","1024x768","Colors32Bit"
"InfoPath Designer","ServerInstalled","True","CORPORATE\Citrix Admin CORPORATE\mstoeckert","PRO-XEN64-A02","","Applications/CAG Only Applications/Office 2013","""C:\Program Files (x86)\Microsoft Office\Office15\INFOPATH.EXE"" /design","Office 2013","","Basic","False","1024x768","Colors32Bit"
"InfoPath Filer","ServerInstalled","True","CORPORATE\Citrix Admin CORPORATE\mstoeckert","PRO-XEN64-A02","","Applications/CAG Only Applications/Office 2013","""C:\Program Files (x86)\Microsoft Office\Office15\INFOPATH.EXE""","Office 2013","","Basic","False","1024x768","Colors32Bit"
"OneNote 201357C4","ServerInstalled","True","CORPORATE\Citrix Admin CORPORATE\mstoeckert","PRO-XEN64-A02","","Applications/CAG Only Applications/Office 2013","""C:\Program Files (x86)\Microsoft Office\Office15\ONENOTE.EXE""","Office 2013","","Basic","False","1024x768","Colors32Bit"
"Oasis Production on pro-xen64-a20","ServerInstalled","True","CORPORATE\tgarrett","PRO-XEN64-A20","","Applications/Oasis Applications","""C:\Oasis Distribution\Oasis\oasis.exe""","Oasis Applications","","Basic","False","1024x768","Colors32Bit"
"ImageRight Prod - PRO-XEN64-A16","ServerInstalled","True","CORPORATE\Citrix Admin","PRO-XEN64-A16","","Applications/ImageRight Troubleshooting","""C:\Program Files (x86)\ProAssurance Corporation\MeToME\PRA.MeToMe.exe""","ImageRight Troubleshooting","","Basic","False","1024x768","Colors32Bit"
"ImageRight Prod - PRO-XEN64-A17","ServerInstalled","True","CORPORATE\Citrix Admin","PRO-XEN64-A17","","Applications/ImageRight Troubleshooting","""C:\Program Files (x86)\ProAssurance Corporation\MeToME\PRA.MeToMe.exe""","ImageRight Troubleshooting","","Basic","False","1024x768","Colors32Bit"
"ImageRight Prod - PRO-XEN64-A18","ServerInstalled","True","CORPORATE\Citrix Admin","PRO-XEN64-A18","","Applications/ImageRight Troubleshooting","""C:\Program Files (x86)\ProAssurance Corporation\MeToME\PRA.MeToMe.exe""","ImageRight Troubleshooting","","Basic","False","1024x768","Colors32Bit"
"ImageRight Prod - PRO-XEN64-A19","ServerInstalled","True","CORPORATE\Citrix Admin","PRO-XEN64-A19","","Applications/ImageRight Troubleshooting","""C:\Program Files (x86)\ProAssurance Corporation\MeToME\PRA.MeToMe.exe""","ImageRight Troubleshooting","","Basic","False","1024x768","Colors32Bit"
"ImageRight Prod - PRO-XEN64-A20","ServerInstalled","True","CORPORATE\Citrix Admin","PRO-XEN64-A20","","Applications/ImageRight Troubleshooting","""C:\Program Files (x86)\ProAssurance Corporation\MeToME\PRA.MeToMe.exe""","ImageRight Troubleshooting","","Basic","False","1024x768","Colors32Bit"
"ImageRight Prod - PRO-XEN64-A21","ServerInstalled","True","CORPORATE\Citrix Admin","PRO-XEN64-A20","","Applications/ImageRight Troubleshooting","""C:\Program Files (x86)\ProAssurance Corporation\MeToME\PRA.MeToMe.exe""","ImageRight Troubleshooting","","Basic","False","1024x768","Colors32Bit"
"ImageRight Prod - PRO-XEN64-A22","ServerInstalled","True","CORPORATE\Citrix Admin","PRO-XEN64-A22","","Applications/ImageRight Troubleshooting","""C:\Program Files (x86)\ProAssurance Corporation\MeToME\PRA.MeToMe.exe""","ImageRight Troubleshooting","","Basic","False","1024x768","Colors32Bit"
