﻿"__NounName","Name","SI","Handles","VM","WS","PM","NPM","Path","Company","CPU","FileVersion","ProductVersion","Description","Product","BasePriority","ExitCode","HasExited","ExitTime","Handle","HandleCount","Id","MachineName","MainWindowHandle","MainWindowTitle","MainModule","MaxWorkingSet","MinWorkingSet","Modules","NonpagedSystemMemorySize","NonpagedSystemMemorySize64","PagedMemorySize","PagedMemorySize64","PagedSystemMemorySize","PagedSystemMemorySize64","PeakPagedMemorySize","PeakPagedMemorySize64","PeakWorkingSet","PeakWorkingSet64","PeakVirtualMemorySize","PeakVirtualMemorySize64","PriorityBoostEnabled","PriorityClass","PrivateMemorySize","PrivateMemorySize64","PrivilegedProcessorTime","ProcessName","ProcessorAffinity","Responding","SessionId","StartInfo","StartTime","SynchronizingObject","Threads","TotalProcessorTime","UserProcessorTime","VirtualMemorySize","VirtualMemorySize64","EnableRaisingEvents","StandardInput","StandardOutput","StandardError","WorkingSet","WorkingSet64","Site","Container"
"Process","aspnet_state","0","106","49618944","6533120","2580480","14736","C:\Windows\Microsoft.NET\Framework64\v4.0.30319\aspnet_state.exe","Microsoft Corporation","7.8312502","4.0.30319.36415 built by: FX452RTMLDR","4.0.30319.36415","Microsoft ASP.NET State Server","Microsoft® .NET Framework","8",,"False",,"4900","106","1388",".","0","","System.Diagnostics.ProcessModule (aspnet_state.exe)","1413120","204800","System.Diagnostics.ProcessModuleCollection","14736","14736","2580480","2580480","80336","80336","2670592","2670592","6586368","6586368","53026816","53026816","True","Normal","2580480","2580480","00:00:04.4616286","aspnet_state","3","True","0","System.Diagnostics.ProcessStartInfo","12/21/2018 4:21:08 AM",,"System.Diagnostics.ProcessThreadCollection","00:00:07.8312502","00:00:03.3696216","49618944","49618944","False",,,,"6533120","6533120",,
"Process","CcmExec","0","1059","222449664","73146368","36302848","46000","C:\Windows\CCM\CcmExec.exe","Microsoft Corporation","327.758101","5.00.8692.1000","5.00.8692.1000","Host Process for Microsoft Configuration Manager","System Center Configuration Manager","8",,"False",,"4904","1059","5728",".","0","","System.Diagnostics.ProcessModule (CcmExec.exe)","1413120","204800","System.Diagnostics.ProcessModuleCollection","46000","46000","36302848","36302848","303408","303408","443121664","443121664","529072128","529072128","660324352","660324352","True","Normal","36302848","36302848","00:02:27.2025436","CcmExec","3","True","0","System.Diagnostics.ProcessStartInfo","12/21/2018 4:24:00 AM",,"System.Diagnostics.ProcessThreadCollection","00:05:27.7581010","00:03:00.5555574","222449664","222449664","False",,,,"73146368","73146368",,
"Process","CmRcService","0","162","65179648","10317824","5644288","16144","C:\Windows\CCM\RemCtrl\CmRcService.exe","Microsoft Corporation","7.3632472","5.00.8540.1000 (SCCM.170713-1727)","5.00.8540.1000","Configuration Manager Remote Control Service","System Center Configuration Manager","8",,"False",,"4908","162","5304",".","0","","System.Diagnostics.ProcessModule (CmRcService.exe)","1413120","204800","System.Diagnostics.ProcessModuleCollection","16144","16144","5644288","5644288","116896","116896","5775360","5775360","10362880","10362880","66883584","66883584","True","Normal","5644288","5644288","00:00:03.8844249","CmRcService","3","True","0","System.Diagnostics.ProcessStartInfo","12/21/2018 4:24:34 AM",,"System.Diagnostics.ProcessThreadCollection","00:00:07.3632472","00:00:03.4788223","65179648","65179648","False",,,,"10317824","10317824",,
"Process","conhost","0","43","23949312","3485696","1097728","5888","C:\Windows\system32\conhost.exe","Microsoft Corporation","0.5928038","6.1.7600.16385 (win7_rtm.090713-1255)","6.1.7600.16385","Console Window Host","Microsoft® Windows® Operating System","8",,"False",,"4912","43","2840",".","0","","System.Diagnostics.ProcessModule (conhost.exe)","1413120","204800","System.Diagnostics.ProcessModuleCollection","5888","5888","1097728","1097728","52392","52392","1216512","1216512","3506176","3506176","24698880","24698880","True","Normal","1097728","1097728","00:00:00.4368028","conhost","3","True","0","System.Diagnostics.ProcessStartInfo","12/21/2018 4:24:36 AM",,"System.Diagnostics.ProcessThreadCollection","00:00:00.5928038","00:00:00.1560010","23949312","23949312","False",,,,"3485696","3485696",,
"Process","conhost","0","35","23621632","3457024","1101824","5288","C:\Windows\system32\conhost.exe","Microsoft Corporation","0.7488048","6.1.7600.16385 (win7_rtm.090713-1255)","6.1.7600.16385","Console Window Host","Microsoft® Windows® Operating System","8",,"False",,"4916","35","5196",".","0","","System.Diagnostics.ProcessModule (conhost.exe)","1413120","204800","System.Diagnostics.ProcessModuleCollection","5288","5288","1101824","1101824","47592","47592","1220608","1220608","3481600","3481600","24014848","24014848","True","Normal","1101824","1101824","00:00:00.6240040","conhost","3","True","0","System.Diagnostics.ProcessStartInfo","12/21/2018 4:24:25 AM",,"System.Diagnostics.ProcessThreadCollection","00:00:00.7488048","00:00:00.1248008","23621632","23621632","False",,,,"3457024","3457024",,
"Process","conhost","4","36","44945408","4141056","1294336","5640","C:\Windows\system32\conhost.exe","Microsoft Corporation","0.4992032","6.1.7600.16385 (win7_rtm.090713-1255)","6.1.7600.16385","Console Window Host","Microsoft® Windows® Operating System","8",,"False",,"4920","36","7540",".","0","","System.Diagnostics.ProcessModule (conhost.exe)","1413120","204800","System.Diagnostics.ProcessModuleCollection","5640","5640","1294336","1294336","88296","88296","1294336","1294336","4141056","4141056","44945408","44945408","True","Normal","1294336","1294336","00:00:00.4212027","conhost","3","True","4","System.Diagnostics.ProcessStartInfo","1/4/2019 10:25:22 AM",,"System.Diagnostics.ProcessThreadCollection","00:00:00.4992032","00:00:00.0780005","44945408","44945408","False",,,,"4141056","4141056",,
"Process","conhost","4","37","45993984","5025792","2101248","5760","C:\Windows\system32\conhost.exe","Microsoft Corporation","0.1716011","6.1.7600.16385 (win7_rtm.090713-1255)","6.1.7600.16385","Console Window Host","Microsoft® Windows® Operating System","8",,"False",,"4924","37","7832",".","0","","System.Diagnostics.ProcessModule (conhost.exe)","1413120","204800","System.Diagnostics.ProcessModuleCollection","5760","5760","2101248","2101248","88296","88296","2101248","2101248","5025792","5025792","46125056","46125056","True","Normal","2101248","2101248","00:00:00.1560010","conhost","3","True","4","System.Diagnostics.ProcessStartInfo","1/4/2019 10:14:34 AM",,"System.Diagnostics.ProcessThreadCollection","00:00:00.1716011","00:00:00.0156001","45993984","45993984","False",,,,"5025792","5025792",,
"Process","conhost","1","40","55734272","4788224","1458176","6000","C:\Windows\system32\conhost.exe","Microsoft Corporation","3.4788223","6.1.7600.16385 (win7_rtm.090713-1255)","6.1.7600.16385","Console Window Host","Microsoft® Windows® Operating System","8",,"False",,"5564","40","9344",".","0","","System.Diagnostics.ProcessModule (conhost.exe)","1413120","204800","System.Diagnostics.ProcessModuleCollection","6000","6000","1458176","1458176","109368","109368","1458176","1458176","4788224","4788224","55734272","55734272","True","Normal","1458176","1458176","00:00:03.0264194","conhost","3","True","1","System.Diagnostics.ProcessStartInfo","1/4/2019 10:02:43 AM",,"System.Diagnostics.ProcessThreadCollection","00:00:03.4788223","00:00:00.4524029","55734272","55734272","False",,,,"4788224","4788224",,
"Process","conhost","0","33","23650304","3534848","1150976","5528","C:\Windows\system32\conhost.exe","Microsoft Corporation","0","6.1.7600.16385 (win7_rtm.090713-1255)","6.1.7600.16385","Console Window Host","Microsoft® Windows® Operating System","8",,"False",,"3032","33","11852",".","0","","System.Diagnostics.ProcessModule (conhost.exe)","1413120","204800","System.Diagnostics.ProcessModuleCollection","5528","5528","1150976","1150976","48480","48480","1183744","1183744","3534848","3534848","23986176","23986176","True","Normal","1150976","1150976","00:00:00","conhost","3","True","0","System.Diagnostics.ProcessStartInfo","1/4/2019 1:24:45 PM",,"System.Diagnostics.ProcessThreadCollection","00:00:00","00:00:00","23650304","23650304","False",,,,"3534848","3534848",,
"Process","CSFalconContainer","0","17","71278592","30580736","6971392","4528","C:\Program Files\CrowdStrike\CSFalconContainer.exe","CrowdStrike, Inc.","4.0872262","4.18.8104.0","4.18.8104.0","CrowdStrike Falcon Sensor Servlet Container","CrowdStrike Falcon Sensor","8",,"False",,"3036","17","1640",".","0","","System.Diagnostics.ProcessModule (CSFalconContainer.exe)","1413120","204800","System.Diagnostics.ProcessModuleCollection","4528","4528","6971392","6971392","70032","70032","28893184","28893184","52731904","52731904","91561984","91561984","True","Normal","6971392","6971392","00:00:01.0140065","CSFalconContainer","3","True","0","System.Diagnostics.ProcessStartInfo","12/21/2018 4:21:09 AM",,"System.Diagnostics.ProcessThreadCollection","00:00:04.0872262","00:00:03.0732197","71278592","71278592","False",,,,"30580736","30580736",,
"Process","CSFalconService","0","159","58109952","7700480","5877760","13256","C:\Program Files\CrowdStrike\CSFalconService.exe","CrowdStrike, Inc.","4.1496266","4.18.8104.0","4.18.8104.0","CrowdStrike Falcon Sensor Service","CrowdStrike Falcon Sensor","8",,"False",,"4224","159","1484",".","0","","System.Diagnostics.ProcessModule (CSFalconService.exe)","1413120","204800","System.Diagnostics.ProcessModuleCollection","13256","13256","5877760","5877760","58232","58232","7041024","7041024","7737344","7737344","76124160","76124160","True","Normal","5877760","5877760","00:00:02.5428163","CSFalconService","3","True","0","System.Diagnostics.ProcessStartInfo","12/21/2018 4:21:09 AM",,"System.Diagnostics.ProcessThreadCollection","00:00:04.1496266","00:00:01.6068103","58109952","58109952","False",,,,"7700480","7700480",,
"Process","csrss","0","1296","58593280","5939200","2703360","18728","C:\Windows\system32\csrss.exe","Microsoft Corporation","84.3653408","6.1.7600.16385 (win7_rtm.090713-1255)","6.1.7600.16385","Client Server Runtime Process","Microsoft® Windows® Operating System","13",,"False",,"5576","1296","412",".","0","","System.Diagnostics.ProcessModule (csrss.exe)","1413120","204800","System.Diagnostics.ProcessModuleCollection","18728","18728","2703360","2703360","191568","191568","2826240","2826240","36564992","36564992","68976640","68976640","True","Normal","2703360","2703360","00:01:10.8712543","csrss","3","True","0","System.Diagnostics.ProcessStartInfo","12/21/2018 4:19:45 AM",,"System.Diagnostics.ProcessThreadCollection","00:01:24.3653408","00:00:13.4940865","58593280","58593280","False",,,,"5939200","5939200",,
"Process","csrss","4","263","43786240","6180864","2109440","10216","C:\Windows\system32\csrss.exe","Microsoft Corporation","0.7332047","6.1.7600.16385 (win7_rtm.090713-1255)","6.1.7600.16385","Client Server Runtime Process","Microsoft® Windows® Operating System","13",,"False",,"5192","263","5556",".","0","","System.Diagnostics.ProcessModule (csrss.exe)","1413120","204800","System.Diagnostics.ProcessModuleCollection","10216","10216","2109440","2109440","110128","110128","2150400","2150400","6189056","6189056","64823296","64823296","True","Normal","2109440","2109440","00:00:00.6396041","csrss","3","True","4","System.Diagnostics.ProcessStartInfo","1/4/2019 10:12:53 AM",,"System.Diagnostics.ProcessThreadCollection","00:00:00.7332047","00:00:00.0936006","43786240","43786240","False",,,,"6180864","6180864",,
"Process","csrss","3","72","54771712","12070912","16941056","9200","C:\Windows\system32\csrss.exe","Microsoft Corporation","0.1716011","6.1.7600.16385 (win7_rtm.090713-1255)","6.1.7600.16385","Client Server Runtime Process","Microsoft® Windows® Operating System","13",,"False",,"1564","72","7448",".","0","","System.Diagnostics.ProcessModule (csrss.exe)","1413120","204800","System.Diagnostics.ProcessModuleCollection","9200","9200","16941056","16941056","87736","87736","17063936","17063936","18358272","18358272","55164928","55164928","True","Normal","16941056","16941056","00:00:00.1560010","csrss","3","True","3","System.Diagnostics.ProcessStartInfo","1/3/2019 11:31:19 AM",,"System.Diagnostics.ProcessThreadCollection","00:00:00.1716011","00:00:00.0156001","54771712","54771712","False",,,,"12070912","12070912",,
"Process","csrss","1","238","44191744","6066176","2150400","10344","C:\Windows\system32\csrss.exe","Microsoft Corporation","1.7628113","6.1.7600.16385 (win7_rtm.090713-1255)","6.1.7600.16385","Client Server Runtime Process","Microsoft® Windows® Operating System","13",,"False",,"4552","238","7580",".","0","","System.Diagnostics.ProcessModule (csrss.exe)","1413120","204800","System.Diagnostics.ProcessModuleCollection","10344","10344","2150400","2150400","102952","102952","2191360","2191360","6070272","6070272","65163264","65163264","True","Normal","2150400","2150400","00:00:01.2792082","csrss","3","True","1","System.Diagnostics.ProcessStartInfo","1/4/2019 9:43:02 AM",,"System.Diagnostics.ProcessThreadCollection","00:00:01.7628113","00:00:00.4836031","44191744","44191744","False",,,,"6066176","6066176",,
"Process","dllhost","0","202","60653568","12472320","4608000","16640","C:\Windows\system32\dllhost.exe","Microsoft Corporation","6.3492407","6.1.7600.16385 (win7_rtm.090713-1255)","6.1.7600.16385","COM Surrogate","Microsoft® Windows® Operating System","8",,"False",,"1592","202","3836",".","0","","System.Diagnostics.ProcessModule (dllhost.exe)","1413120","204800","System.Diagnostics.ProcessModuleCollection","16640","16640","4608000","4608000","74192","74192","4726784","4726784","12521472","12521472","64864256","64864256","True","Normal","4608000","4608000","00:00:03.3540215","dllhost","3","True","0","System.Diagnostics.ProcessStartInfo","12/21/2018 4:22:01 AM",,"System.Diagnostics.ProcessThreadCollection","00:00:06.3492407","00:00:02.9952192","60653568","60653568","False",,,,"12472320","12472320",,
"Process","dwm","4","69","49725440","4653056","1478656","7264","C:\Windows\system32\Dwm.exe","Microsoft Corporation","0.0156001","6.1.7600.16385 (win7_rtm.090713-1255)","6.1.7600.16385","Desktop Window Manager","Microsoft® Windows® Operating System","8",,"False",,"1524","69","5552",".","0","","System.Diagnostics.ProcessModule (Dwm.exe)","1413120","204800","System.Diagnostics.ProcessModuleCollection","7264","7264","1478656","1478656","94256","94256","1540096","1540096","4694016","4694016","50774016","50774016","True","Normal","1478656","1478656","00:00:00.0156001","dwm","3","True","4","System.Diagnostics.ProcessStartInfo","1/4/2019 10:13:01 AM",,"System.Diagnostics.ProcessThreadCollection","00:00:00.0156001","00:00:00","49725440","49725440","False",,,,"4653056","4653056",,
"Process","dwm","1","70","49725440","4644864","1478656","7264","C:\Windows\system32\Dwm.exe","Microsoft Corporation","0","6.1.7600.16385 (win7_rtm.090713-1255)","6.1.7600.16385","Desktop Window Manager","Microsoft® Windows® Operating System","8",,"False",,"3100","70","9296",".","0","","System.Diagnostics.ProcessModule (Dwm.exe)","1413120","204800","System.Diagnostics.ProcessModuleCollection","7264","7264","1478656","1478656","94256","94256","1540096","1540096","4673536","4673536","50774016","50774016","True","Normal","1478656","1478656","00:00:00","dwm","3","True","1","System.Diagnostics.ProcessStartInfo","1/4/2019 9:43:10 AM",,"System.Diagnostics.ProcessThreadCollection","00:00:00","00:00:00","49725440","49725440","False",,,,"4644864","4644864",,
"Process","explorer","4","737","230805504","52924416","34754560","49544","C:\Windows\Explorer.EXE","Microsoft Corporation","8.3304534","6.1.7600.16385 (win7_rtm.090713-1255)","6.1.7600.16385","Windows Explorer","Microsoft® Windows® Operating System","8",,"False",,"4428","737","6488",".","65616","","System.Diagnostics.ProcessModule (Explorer.EXE)","1413120","204800","System.Diagnostics.ProcessModuleCollection","49544","49544","34754560","34754560","396000","396000","40525824","40525824","57180160","57180160","303910912","303910912","True","Normal","34754560","34754560","00:00:04.6644299","explorer","3","True","4","System.Diagnostics.ProcessStartInfo","1/4/2019 10:13:01 AM",,"System.Diagnostics.ProcessThreadCollection","00:00:08.3304534","00:00:03.6660235","230805504","230805504","False",,,,"52924416","52924416",,
"Process","explorer","1","700","228556800","48488448","35463168","45456","C:\Windows\Explorer.EXE","Microsoft Corporation","4.7424304","6.1.7600.16385 (win7_rtm.090713-1255)","6.1.7600.16385","Windows Explorer","Microsoft® Windows® Operating System","8",,"False",,"4424","700","9596",".","0","","System.Diagnostics.ProcessModule (Explorer.EXE)","1413120","204800","System.Diagnostics.ProcessModuleCollection","45456","45456","35463168","35463168","386000","386000","38293504","38293504","50450432","50450432","314523648","314523648","True","Normal","35463168","35463168","00:00:02.8392182","explorer","3","True","1","System.Diagnostics.ProcessStartInfo","1/4/2019 9:43:10 AM",,"System.Diagnostics.ProcessThreadCollection","00:00:04.7424304","00:00:01.9032122","228556800","228556800","False",,,,"48488448","48488448",,
"Process","HealthService","0","458","679047168","21663744","68304896","27352","C:\Program Files\Microsoft Monitoring Agent\Agent\HealthService.exe","Microsoft Corp.","417.770678","8.0.10918.0","8.0.10918.0","Microsoft Monitoring Agent Service","Microsoft Monitoring Agent","8",,"False",,"1596","458","1632",".","0","","System.Diagnostics.ProcessModule (HealthService.exe)","1413120","204800","System.Diagnostics.ProcessModuleCollection","27352","27352","68304896","68304896","114128","114128","191643648","191643648","166309888","166309888","965931008","965931008","True","Normal","68304896","68304896","00:02:47.6230745","HealthService","3","True","0","System.Diagnostics.ProcessStartInfo","12/21/2018 4:21:09 AM",,"System.Diagnostics.ProcessThreadCollection","00:06:57.7706780","00:04:10.1476035","679047168","679047168","False",,,,"21663744","21663744",,
"Process","Idle","0","0","0","24576","0","0",,,,,,,,"0",,,,,"0","0",".","0","",,,,,"0","0","0","0","0","0","0","0","24576","24576","0","0",,,"0","0",,"Idle",,"True","0","System.Diagnostics.ProcessStartInfo",,,"System.Diagnostics.ProcessThreadCollection",,,"0","0","False",,,,"24576","24576",,
"Process","inetinfo","0","488","134000640","37888000","28622848","72384","C:\Windows\system32\inetsrv\inetinfo.exe","Microsoft Corporation","59.5143815","7.5.7600.16385 (win7_rtm.090713-1255)","7.5.7600.16385","Internet Information Services","Internet Information Services","8",,"False",,"3668","488","1696",".","0","","System.Diagnostics.ProcessModule (inetinfo.exe)","1413120","204800","System.Diagnostics.ProcessModuleCollection","72384","72384","28622848","28622848","153072","153072","28860416","28860416","38150144","38150144","156868608","156868608","True","Normal","28622848","28622848","00:00:34.9130238","inetinfo","3","True","0","System.Diagnostics.ProcessStartInfo","12/21/2018 4:21:10 AM",,"System.Diagnostics.ProcessThreadCollection","00:00:59.5143815","00:00:24.6013577","134000640","134000640","False",,,,"37888000","37888000",,
"Process","ir_agent","0","303","141119488","67145728","59592704","37816","C:\Program Files\Rapid7\Endpoint Agent\components\insight_agent\2.3.0.14\ir_agent.exe","Rapid7, LLC.","2169.4279065","2.3.0.14","2.3.0.14","Rapid7 Insight Agent","Insight Agent","8",,"False",,"1540","303","3652",".","0","","System.Diagnostics.ProcessModule (ir_agent.exe)","1413120","204800","System.Diagnostics.ProcessModuleCollection","37816","37816","59592704","59592704","159152","159152","59604992","59604992","67145728","67145728","141774848","141774848","True","Normal","59592704","59592704","00:28:11.1444406","ir_agent","3","True","0","System.Diagnostics.ProcessStartInfo","12/21/2018 4:25:58 AM",,"System.Diagnostics.ProcessThreadCollection","00:36:09.4279065","00:07:58.2834659","141119488","141119488","False",,,,"67145728","67145728",,
"Process","ir_agent","0","501","165842944","61689856","49664000","38808","C:\Program Files\Rapid7\Endpoint Agent\components\insight_agent\2.3.0.14\ir_agent.exe","Rapid7, LLC.","1226.1834601","2.3.0.14","2.3.0.14","Rapid7 Insight Agent","Insight Agent","8",,"False",,"4440","501","4540",".","0","","System.Diagnostics.ProcessModule (ir_agent.exe)","1413120","204800","System.Diagnostics.ProcessModuleCollection","38808","38808","49664000","49664000","183136","183136","93458432","93458432","104755200","104755200","213929984","213929984","True","Normal","49664000","49664000","00:06:41.8741761","ir_agent","3","True","0","System.Diagnostics.ProcessStartInfo","12/21/2018 4:25:57 AM",,"System.Diagnostics.ProcessThreadCollection","00:20:26.1834601","00:13:44.3092840","165842944","165842944","False",,,,"61689856","61689856",,
"Process","ir_agent","0","378","154427392","71725056","62672896","40000","C:\Program Files\Rapid7\Endpoint Agent\components\insight_agent\2.3.0.14\ir_agent.exe","Rapid7, LLC.","5562.8864593","2.3.0.14","2.3.0.14","Rapid7 Insight Agent","Insight Agent","8",,"False",,"4544","378","4796",".","0","","System.Diagnostics.ProcessModule (ir_agent.exe)","1413120","204800","System.Diagnostics.ProcessModuleCollection","40000","40000","62672896","62672896","168264","168264","146173952","146173952","155082752","155082752","282763264","282763264","True","Normal","62672896","62672896","00:36:24.5288033","ir_agent","3","True","0","System.Diagnostics.ProcessStartInfo","12/21/2018 4:25:58 AM",,"System.Diagnostics.ProcessThreadCollection","01:32:42.8864593","00:56:18.3576560","154427392","154427392","False",,,,"71725056","71725056",,
"Process","ir_agent","0","143","35519856640","13844480","77094912","12440","C:\Program Files\Rapid7\Endpoint Agent\ir_agent.exe",,"27.0973737",,,,,"8",,"False",,"3676","143","5340",".","0","","System.Diagnostics.ProcessModule (ir_agent.exe)","1413120","204800","System.Diagnostics.ProcessModuleCollection","12440","12440","77094912","77094912","95560","95560","80564224","80564224","14512128","14512128","1160642560","35520380928","False","Normal","77094912","77094912","00:00:09.1728588","ir_agent","3","True","0","System.Diagnostics.ProcessStartInfo","12/21/2018 4:24:35 AM",,"System.Diagnostics.ProcessThreadCollection","00:00:27.0973737","00:00:17.9245149","1160118272","35519856640","False",,,,"13844480","13844480",,
"Process","ir_agent","0","557","178712576","60612608","51159040","44704","C:\Program Files\Rapid7\Endpoint Agent\components\insight_agent\2.3.0.14\ir_agent.exe","Rapid7, LLC.","1604.782287","2.3.0.14","2.3.0.14","Rapid7 Insight Agent","Insight Agent","8",,"False",,"5196","557","5388",".","0","","System.Diagnostics.ProcessModule (ir_agent.exe)","1413120","204800","System.Diagnostics.ProcessModuleCollection","44704","44704","51159040","51159040","177872","177872","53297152","53297152","62005248","62005248","184745984","184745984","True","Normal","51159040","51159040","00:09:33.3348752","ir_agent","3","True","0","System.Diagnostics.ProcessStartInfo","12/21/2018 4:24:36 AM",,"System.Diagnostics.ProcessThreadCollection","00:26:44.7822870","00:17:11.4474118","178712576","178712576","False",,,,"60612608","60612608",,
"Process","ir_agent","0","413","146501632","54378496","45588480","35384","C:\Program Files\Rapid7\Endpoint Agent\components\insight_agent\2.3.0.14\ir_agent.exe","Rapid7, LLC.","3393.5365533","2.3.0.14","2.3.0.14","Rapid7 Insight Agent","Insight Agent","8",,"False",,"5200","413","6820",".","0","","System.Diagnostics.ProcessModule (ir_agent.exe)","1413120","204800","System.Diagnostics.ProcessModuleCollection","35384","35384","45588480","45588480","169328","169328","75210752","75210752","84062208","84062208","177319936","177319936","True","Normal","45588480","45588480","00:03:29.2597414","ir_agent","3","True","0","System.Diagnostics.ProcessStartInfo","12/21/2018 4:27:36 AM",,"System.Diagnostics.ProcessThreadCollection","00:56:33.5365533","00:53:04.2768119","146501632","146501632","False",,,,"54378496","54378496",,
"Process","LogonUI","3","161","91418624","21078016","13565952","24208","C:\Windows\system32\LogonUI.exe","Microsoft Corporation","0.156001","6.1.7601.17514 (win7sp1_rtm.101119-1850)","6.1.7601.17514","Windows Logon User Interface Host","Microsoft® Windows® Operating System","13",,"False",,"5204","161","4408",".","0","","System.Diagnostics.ProcessModule (LogonUI.exe)","1413120","204800","System.Diagnostics.ProcessModuleCollection","24208","24208","13565952","13565952","152480","152480","27164672","27164672","33861632","33861632","92557312","92557312","True","High","13565952","13565952","00:00:00.0468003","LogonUI","3","True","3","System.Diagnostics.ProcessStartInfo","1/3/2019 11:31:19 AM",,"System.Diagnostics.ProcessThreadCollection","00:00:00.1560010","00:00:00.1092007","91418624","91418624","False",,,,"21078016","21078016",,
"Process","LogonUI","1","167","86683648","15183872","6778880","27232","C:\Windows\system32\LogonUI.exe","Microsoft Corporation","0.1872012","6.1.7601.17514 (win7sp1_rtm.101119-1850)","6.1.7601.17514","Windows Logon User Interface Host","Microsoft® Windows® Operating System","13",,"False",,"5208","167","7784",".","0","","System.Diagnostics.ProcessModule (LogonUI.exe)","1413120","204800","System.Diagnostics.ProcessModuleCollection","27232","27232","6778880","6778880","151856","151856","6836224","6836224","15396864","15396864","87785472","87785472","True","High","6778880","6778880","00:00:00.0936006","LogonUI","3","True","1","System.Diagnostics.ProcessStartInfo","1/4/2019 11:08:39 AM",,"System.Diagnostics.ProcessThreadCollection","00:00:00.1872012","00:00:00.0936006","86683648","86683648","False",,,,"15183872","15183872",,
"Process","lsass","0","1553","56410112","21164032","11505664","32872","C:\Windows\system32\lsass.exe","Microsoft Corporation","859.7683113","6.1.7601.24308 (win7sp1_ldr.181111-0600)","6.1.7601.24308","Local Security Authority Process","Microsoft® Windows® Operating System","9",,"False",,"5212","1553","592",".","0","","System.Diagnostics.ProcessModule (lsass.exe)","1413120","204800","System.Diagnostics.ProcessModuleCollection","32872","32872","11505664","11505664","123888","123888","11595776","11595776","21229568","21229568","57765888","57765888","True","Normal","11505664","11505664","00:03:51.9266867","lsass","3","True","0","System.Diagnostics.ProcessStartInfo","12/21/2018 4:20:42 AM",,"System.Diagnostics.ProcessThreadCollection","00:14:19.7683113","00:10:27.8416246","56410112","56410112","False",,,,"21164032","21164032",,
"Process","lsm","0","319","33361920","7880704","4124672","11200","C:\Windows\system32\lsm.exe","Microsoft Corporation","8.7204559","6.1.7600.16385 (win7_rtm.090713-1255)","6.1.7600.16385","Local Session Manager Service","Microsoft® Windows® Operating System","8",,"False",,"4216","319","600",".","0","","System.Diagnostics.ProcessModule (lsm.exe)","1413120","204800","System.Diagnostics.ProcessModuleCollection","11200","11200","4124672","4124672","67104","67104","24989696","24989696","7929856","7929856","54657024","54657024","True","Normal","4124672","4124672","00:00:04.7424304","lsm","3","True","0","System.Diagnostics.ProcessStartInfo","12/21/2018 4:20:42 AM",,"System.Diagnostics.ProcessThreadCollection","00:00:08.7204559","00:00:03.9780255","33361920","33361920","False",,,,"7880704","7880704",,
"Process","MonitoringHost","0","2400","1004531712","123133952","362762240","73472","C:\Program Files\Microsoft Monitoring Agent\Agent\MonitoringHost.exe","Microsoft Corp.","5738.5747855","8.0.10918.0","8.0.10918.0","System Center Management Service Host Process","Microsoft Monitoring Agent","8",,"False",,"3680","2400","3584",".","0","","System.Diagnostics.ProcessModule (MonitoringHost.exe)","1413120","204800","System.Diagnostics.ProcessModuleCollection","73472","73472","362762240","362762240","568520","568520","409817088","409817088","195330048","195330048","1024516096","1024516096","True","Normal","362762240","362762240","00:29:22.3276969","MonitoringHost","3","True","0","System.Diagnostics.ProcessStartInfo","12/21/2018 4:22:00 AM",,"System.Diagnostics.ProcessThreadCollection","01:35:38.5747855","01:06:16.2470886","1004531712","1004531712","False",,,,"123133952","123133952",,
"Process","MonitoringHost","0","786","775958528","43274240","156340224","65400","C:\Program Files\Microsoft Monitoring Agent\Agent\MonitoringHost.exe","Microsoft Corp.","559.6223873","8.0.10918.0","8.0.10918.0","System Center Management Service Host Process","Microsoft Monitoring Agent","8",,"False",,"3920","786","4572",".","0","","System.Diagnostics.ProcessModule (MonitoringHost.exe)","1413120","204800","System.Diagnostics.ProcessModuleCollection","65400","65400","156340224","156340224","551240","551240","174845952","174845952","155054080","155054080","804175872","804175872","True","Normal","156340224","156340224","00:02:16.4384746","MonitoringHost","3","True","0","System.Diagnostics.ProcessStartInfo","12/21/2018 4:22:11 AM",,"System.Diagnostics.ProcessThreadCollection","00:09:19.6223873","00:07:03.1839127","775958528","775958528","False",,,,"43274240","43274240",,
"Process","mqsvc","0","238","63586304","9379840","5365760","29112","C:\Windows\system32\mqsvc.exe","Microsoft Corporation","5.3820345","6.1.7600.16385 (win7_rtm.090713-1255)","6.1.7600.16385","Message Queuing Service","Microsoft® Windows® Operating System","8",,"False",,"3924","238","1788",".","0","","System.Diagnostics.ProcessModule (mqsvc.exe)","1413120","204800","System.Diagnostics.ProcessModuleCollection","29112","29112","5365760","5365760","104384","104384","5611520","5611520","9404416","9404416","65032192","65032192","True","Normal","5365760","5365760","00:00:03.3852217","mqsvc","3","True","0","System.Diagnostics.ProcessStartInfo","12/21/2018 4:21:11 AM",,"System.Diagnostics.ProcessThreadCollection","00:00:05.3820345","00:00:01.9968128","63586304","63586304","False",,,,"9379840","9379840",,
"Process","msdtc","0","140","62779392","8785920","3530752","17840","C:\Windows\System32\msdtc.exe","Microsoft Corporation","5.1636331","2001.12.8530.16385 (win7_rtm.090713-1255)","6.1.7600.16385","Microsoft Distributed Transaction Coordinator Service","Microsoft® Windows® Operating System","8",,"False",,"3928","140","3412",".","0","","System.Diagnostics.ProcessModule (msdtc.exe)","1413120","204800","System.Diagnostics.ProcessModuleCollection","17840","17840","3530752","3530752","68720","68720","3645440","3645440","8810496","8810496","64352256","64352256","True","Normal","3530752","3530752","00:00:02.7612177","msdtc","3","True","0","System.Diagnostics.ProcessStartInfo","12/21/2018 4:22:04 AM",,"System.Diagnostics.ProcessThreadCollection","00:00:05.1636331","00:00:02.4024154","62779392","62779392","False",,,,"8785920","8785920",,
"Process","mssdmn","0","1569","858681344","104443904","115032064","83092","C:\Program Files\Microsoft Office Servers\14.0\bin\mssdmn.exe","Microsoft Corporation","334.2321425","14.0.7005.1000","14.0.7005.1000","Microsoft® Search component","Microsoft® Search","8",,"False",,"3932","1569","4400",".","0","","System.Diagnostics.ProcessModule (mssdmn.exe)","1413120","204800","System.Diagnostics.ProcessModuleCollection","83092","83092","115032064","115032064","594176","594176","140464128","140464128","127922176","127922176","966799360","966799360","True","Normal","115032064","115032064","00:02:45.8134629","mssdmn","3","True","0","System.Diagnostics.ProcessStartInfo","12/21/2018 4:26:02 AM",,"System.Diagnostics.ProcessThreadCollection","00:05:34.2321425","00:02:48.4186796","858681344","858681344","False",,,,"104443904","104443904",,
"Process","mssearch","0","732","748130304","34721792","629628928","38792","C:\Program Files\Common Files\Microsoft Shared\Web Server Extensions\14\BIN\mssearch.exe","Microsoft Corporation","150.1509625","14.0.7005.1000","14.0.7005.1000","Microsoft® SharePoint® Foundation Search","Microsoft® SharePoint® Foundation","8",,"False",,"4080","732","2580",".","0","","System.Diagnostics.ProcessModule (mssearch.exe)","1413120","204800","System.Diagnostics.ProcessModuleCollection","38792","38792","629628928","629628928","202768","202768","629948416","629948416","34885632","34885632","749178880","749178880","True","Normal","629628928","629628928","00:01:03.5704075","mssearch","3","True","0","System.Diagnostics.ProcessStartInfo","12/21/2018 4:21:43 AM",,"System.Diagnostics.ProcessThreadCollection","00:02:30.1509625","00:01:26.5805550","748130304","748130304","False",,,,"34721792","34721792",,
"Process","mssearch","0","6156","1766252544","118611968","1490366464","85112","C:\Program Files\Microsoft Office Servers\14.0\Bin\mssearch.exe","Microsoft Corporation","4133.558497","14.0.7005.1000","14.0.7005.1000","Microsoft® Search component","Microsoft® Search","8",,"False",,"5572","6156","5128",".","0","","System.Diagnostics.ProcessModule (mssearch.exe)","1413120","204800","System.Diagnostics.ProcessModuleCollection","85112","85112","1490366464","1490366464","333688","333688","1644617728","1644617728","345243648","345243648","-2136670208","2158297088","True","Normal","1490366464","1490366464","00:39:35.7236289","mssearch","3","True","0","System.Diagnostics.ProcessStartInfo","12/21/2018 4:24:24 AM",,"System.Diagnostics.ProcessThreadCollection","01:08:53.5584970","00:29:17.8348681","1766252544","1766252544","False",,,,"118611968","118611968",,
"Process","OSPPSVC","0","132","36663296","11177984","3010560","7808","C:\Program Files\Common Files\Microsoft Shared\OfficeSoftwareProtectionPlatform\OSPPSVC.EXE","Microsoft Corporation","8.0028513","14.0.0370.400 (longhorn(wmbla).090811-1826)","14.0.0370.400","Microsoft Office Software Protection Platform Service","Microsoft® Office","8",,"False",,"1508","132","6104",".","0","","System.Diagnostics.ProcessModule (OSPPSVC.EXE)","1413120","204800","System.Diagnostics.ProcessModuleCollection","7808","7808","3010560","3010560","67872","67872","3129344","3129344","11243520","11243520","38932480","38932480","True","Normal","3010560","3010560","00:00:02.4648158","OSPPSVC","3","True","0","System.Diagnostics.ProcessStartInfo","12/21/2018 12:25:45 PM",,"System.Diagnostics.ProcessThreadCollection","00:00:08.0028513","00:00:05.5380355","36663296","36663296","False",,,,"11177984","11177984",,
"Process","OWSTIMER","0","1234","1085837312","262754304","229101568","183108","C:\Program Files\Common Files\Microsoft Shared\Web Server Extensions\14\BIN\OWSTIMER.EXE","Microsoft Corporation","56.9091648","14.0.7011.1000","14.0.7011.1000","SharePoint Timer Service","Microsoft SharePoint Foundation","8",,"False",,"1512","1234","7392",".","0","","System.Diagnostics.ProcessModule (OWSTIMER.EXE)","1413120","204800","System.Diagnostics.ProcessModuleCollection","183108","183108","229101568","229101568","1056824","1056824","260444160","260444160","290967552","290967552","1097293824","1097293824","True","Normal","229101568","229101568","00:00:23.4157501","OWSTIMER","3","True","0","System.Diagnostics.ProcessStartInfo","1/4/2019 6:11:00 AM",,"System.Diagnostics.ProcessThreadCollection","00:00:56.9091648","00:00:33.4934147","1085837312","1085837312","False",,,,"262754304","262754304",,
"Process","powershell","4","1528","1006985216","245202944","200425472","117048","C:\Windows\System32\WindowsPowerShell\v1.0\powershell.exe","Microsoft Corporation","13.8528888","10.0.14409.1005 (rs1_srvoob.161208-1155)","10.0.14409.1005","Windows PowerShell","Microsoft® Windows® Operating System","8",,"False",,"1516","1528","6796",".","459050","Administrator: Windows PowerShell","System.Diagnostics.ProcessModule (powershell.exe)","1413120","204800","System.Diagnostics.ProcessModuleCollection","117048","117048","200425472","200425472","1078672","1078672","200544256","200544256","245260288","245260288","1028231168","1028231168","True","Normal","200425472","200425472","00:00:03.5724229","powershell","3","True","4","System.Diagnostics.ProcessStartInfo","1/4/2019 10:14:34 AM",,"System.Diagnostics.ProcessThreadCollection","00:00:13.8528888","00:00:10.2804659","1006985216","1006985216","False",,,,"245202944","245202944",,
"Process","powershell","4","1101","1027133440","205578240","180047872","163284","C:\Windows\System32\WindowsPowerShell\v1.0\PowerShell.exe","Microsoft Corporation","83.3825345","10.0.14409.1005 (rs1_srvoob.161208-1155)","10.0.14409.1005","Windows PowerShell","Microsoft® Windows® Operating System","8",,"False",,"1520","1101","7928",".","459082","Administrator: SharePoint 2010 Management Shell","System.Diagnostics.ProcessModule (PowerShell.exe)","1413120","204800","System.Diagnostics.ProcessModuleCollection","163284","163284","180047872","180047872","1048704","1048704","182071296","182071296","205975552","205975552","1054740480","1054740480","True","Normal","180047872","180047872","00:01:07.7356342","powershell","3","True","4","System.Diagnostics.ProcessStartInfo","1/4/2019 10:25:22 AM",,"System.Diagnostics.ProcessThreadCollection","00:01:23.4293348","00:00:15.6937006","1027133440","1027133440","False",,,,"205578240","205578240",,
"Process","powershell","1","976","1029713920","197750784","175476736","164956","C:\Windows\System32\WindowsPowerShell\v1.0\PowerShell.exe","Microsoft Corporation","11.8716761","10.0.14409.1005 (rs1_srvoob.161208-1155)","10.0.14409.1005","Windows PowerShell","Microsoft® Windows® Operating System","8",,"False",,"4548","976","9840",".","0","","System.Diagnostics.ProcessModule (PowerShell.exe)","1413120","204800","System.Diagnostics.ProcessModuleCollection","164956","164956","175476736","175476736","1042416","1042416","187371520","187371520","208990208","208990208","1046544384","1046544384","True","Normal","175476736","175476736","00:00:03.1356201","powershell","3","True","1","System.Diagnostics.ProcessStartInfo","1/4/2019 10:02:43 AM",,"System.Diagnostics.ProcessThreadCollection","00:00:11.8716761","00:00:08.7360560","1029713920","1029713920","False",,,,"197750784","197750784",,
"Process","powershell_ise","1","530","855515136","143024128","113532928","53048","C:\Windows\System32\WindowsPowerShell\v1.0\powershell_ise.exe","Microsoft Corporation","40.2950583","10.0.14409.1005 (rs1_srvoob.161208-1155)","10.0.14409.1005","Windows PowerShell ISE","Microsoft® Windows® Operating System","8",,"False",,"4512","530","7916",".","0","","System.Diagnostics.ProcessModule (powershell_ise.exe)","1413120","204800","System.Diagnostics.ProcessModuleCollection","53048","53048","113532928","113532928","742904","742904","138772480","138772480","159412224","159412224","907571200","907571200","True","Normal","113532928","113532928","00:00:04.2120270","powershell_ise","3","True","1","System.Diagnostics.ProcessStartInfo","1/4/2019 9:43:20 AM",,"System.Diagnostics.ProcessThreadCollection","00:00:40.2950583","00:00:36.0830313","855515136","855515136","False",,,,"143024128","143024128",,
"Process","rdpclip","1","175","71024640","7561216","2244608","10456","C:\Windows\System32\rdpclip.exe","Microsoft Corporation","0.0312002","6.1.7600.16385 (win7_rtm.090713-1255)","6.1.7600.16385","RDP Clip Monitor","Microsoft® Windows® Operating System","8",,"False",,"5216","175","9484",".","0","","System.Diagnostics.ProcessModule (rdpclip.exe)","1413120","204800","System.Diagnostics.ProcessModuleCollection","10456","10456","2244608","2244608","136216","136216","2347008","2347008","7577600","7577600","74608640","74608640","True","Normal","2244608","2244608","00:00:00.0312002","rdpclip","3","True","1","System.Diagnostics.ProcessStartInfo","1/4/2019 9:43:10 AM",,"System.Diagnostics.ProcessThreadCollection","00:00:00.0312002","00:00:00","71024640","71024640","False",,,,"7561216","7561216",,
"Process","rdpclip","4","179","71024640","7585792","2252800","10584","C:\Windows\System32\rdpclip.exe","Microsoft Corporation","0.0780005","6.1.7600.16385 (win7_rtm.090713-1255)","6.1.7600.16385","RDP Clip Monitor","Microsoft® Windows® Operating System","8",,"False",,"5220","179","10180",".","0","","System.Diagnostics.ProcessModule (rdpclip.exe)","1413120","204800","System.Diagnostics.ProcessModuleCollection","10584","10584","2252800","2252800","137448","137448","2347008","2347008","7634944","7634944","74674176","74674176","True","Normal","2252800","2252800","00:00:00.0624004","rdpclip","3","True","4","System.Diagnostics.ProcessStartInfo","1/4/2019 10:13:00 AM",,"System.Diagnostics.ProcessThreadCollection","00:00:00.0780005","00:00:00.0156001","71024640","71024640","False",,,,"7585792","7585792",,
"Process","ReportingServicesService","0","788","3475779584","148197376","182534144","61572","C:\Program Files\Microsoft SQL Server\MSRS10_50.MSSQLSERVER\Reporting Services\ReportServer\bin\ReportingServicesService.exe","Microsoft Corporation","215.5309816","2009.0100.6000.034 ((KJ_SP3).140819-1214 )","10.50.6000.34","Reporting Services Service","Microsoft SQL Server","8",,"False",,"5224","788","2056",".","0","","System.Diagnostics.ProcessModule (ReportingServicesService.exe)","1413120","204800","System.Diagnostics.ProcessModuleCollection","61572","61572","182534144","182534144","379552","379552","195178496","195178496","160038912","160038912","-800714752","3494252544","True","Normal","182534144","182534144","00:00:37.1750383","ReportingServicesService","3","True","0","System.Diagnostics.ProcessStartInfo","12/21/2018 4:21:22 AM",,"System.Diagnostics.ProcessThreadCollection","00:03:35.5309816","00:02:58.3559433","-819187712","3475779584","False",,,,"148197376","148197376",,
"Process","rundll32","0","249","71921664","15831040","11243520","11712","C:\Windows\system32\rundll32.exe","Microsoft Corporation","14.6328938","6.1.7600.16385 (win7_rtm.090713-1255)","6.1.7600.16385","Windows host process (Rundll32)","Microsoft® Windows® Operating System","10",,"False",,"5228","249","1156",".","0","","System.Diagnostics.ProcessModule (rundll32.exe)","1413120","204800","System.Diagnostics.ProcessModuleCollection","11712","11712","11243520","11243520","95704","95704","11710464","11710464","15851520","15851520","77361152","77361152","True","AboveNormal","11243520","11243520","00:00:12.8544824","rundll32","3","True","0","System.Diagnostics.ProcessStartInfo","12/21/2018 4:21:05 AM",,"System.Diagnostics.ProcessThreadCollection","00:00:14.6328938","00:00:01.7784114","71921664","71921664","False",,,,"15831040","15831040",,
"Process","SCNotification","4","314","652316672","39514112","37249024","36840","C:\Windows\CCM\SCNotification.exe","Microsoft Corporation","0.5304034","5.0.8692.1000","5.0.8692.1000","SCNotification","System Center Configuration Manager","8",,"False",,"5232","314","5460",".","0","","System.Diagnostics.ProcessModule (SCNotification.exe)","1413120","204800","System.Diagnostics.ProcessModuleCollection","36840","36840","37249024","37249024","459952","459952","38662144","38662144","41525248","41525248","658616320","658616320","True","Normal","37249024","37249024","00:00:00.2184014","SCNotification","3","True","4","System.Diagnostics.ProcessStartInfo","1/4/2019 10:13:12 AM",,"System.Diagnostics.ProcessThreadCollection","00:00:00.5304034","00:00:00.3120020","652316672","652316672","False",,,,"39514112","39514112",,
"Process","SCNotification","1","314","652316672","39505920","37240832","36840","C:\Windows\CCM\SCNotification.exe","Microsoft Corporation","0.5304034","5.0.8692.1000","5.0.8692.1000","SCNotification","System Center Configuration Manager","8",,"False",,"5236","314","9276",".","0","","System.Diagnostics.ProcessModule (SCNotification.exe)","1413120","204800","System.Diagnostics.ProcessModuleCollection","36840","36840","37240832","37240832","459952","459952","38719488","38719488","41512960","41512960","657764352","657764352","True","Normal","37240832","37240832","00:00:00.1248008","SCNotification","3","True","1","System.Diagnostics.ProcessStartInfo","1/4/2019 9:43:22 AM",,"System.Diagnostics.ProcessThreadCollection","00:00:00.5304034","00:00:00.4056026","652316672","652316672","False",,,,"39505920","39505920",,
"Process","services","0","407","51957760","14475264","8835072","16416","C:\Windows\system32\services.exe","Microsoft Corporation","5342.9250493","6.1.7600.16385 (win7_rtm.090713-1255)","6.1.7600.16385","Services and Controller app","Microsoft® Windows® Operating System","9",,"False",,"5240","407","584",".","0","","System.Diagnostics.ProcessModule (services.exe)","1413120","204800","System.Diagnostics.ProcessModuleCollection","16416","16416","8835072","8835072","80472","80472","15933440","15933440","15884288","15884288","197488640","197488640","True","Normal","8835072","8835072","01:11:08.7957639","services","3","True","0","System.Diagnostics.ProcessStartInfo","12/21/2018 4:20:40 AM",,"System.Diagnostics.ProcessThreadCollection","01:29:02.9250493","00:17:54.1292854","51957760","51957760","False",,,,"14475264","14475264",,
"Process","smss","0","36","4603904","1331200","503808","1744","C:\Windows\system32\smss.exe","Microsoft Corporation","0.2496016","6.1.7600.16385 (win7_rtm.090713-1255)","6.1.7600.16385","Windows Session Manager","Microsoft® Windows® Operating System","11",,"False",,"2956","36","300",".","0","","System.Diagnostics.ProcessModule (smss.exe)","1413120","204800","System.Diagnostics.ProcessModuleCollection","1744","1744","503808","503808","10568","10568","606208","606208","1359872","1359872","18276352","18276352","True","Normal","503808","503808","00:00:00.2340015","smss","3","True","0","System.Diagnostics.ProcessStartInfo","12/21/2018 4:19:31 AM",,"System.Diagnostics.ProcessThreadCollection","00:00:00.2496016","00:00:00.0156001","4603904","4603904","False",,,,"1331200","1331200",,
"Process","SMSvcHost","0","211","574509056","24084480","28610560","15128","C:\Windows\Microsoft.NET\Framework64\v4.0.30319\SMSvcHost.exe","Microsoft Corporation","8.424054","4.0.30319.36415 built by: FX452RTMLDR","4.0.30319.36415","SMSvcHost.exe","Microsoft® .NET Framework","8",,"False",,"2952","211","1928",".","0","","System.Diagnostics.ProcessModule (SMSvcHost.exe)","1413120","204800","System.Diagnostics.ProcessModuleCollection","15128","15128","28610560","28610560","301488","301488","28700672","28700672","24104960","24104960","577855488","577855488","True","Normal","28610560","28610560","00:00:03.7908243","SMSvcHost","3","True","0","System.Diagnostics.ProcessStartInfo","12/21/2018 4:21:12 AM",,"System.Diagnostics.ProcessThreadCollection","00:00:08.4240540","00:00:04.6332297","574509056","574509056","False",,,,"24084480","24084480",,
"Process","SMSvcHost","0","219","571727872","19484672","24944640","17160","C:\Windows\Microsoft.NET\Framework64\v4.0.30319\SMSvcHost.exe","Microsoft Corporation","4.9764319","4.0.30319.36415 built by: FX452RTMLDR","4.0.30319.36415","SMSvcHost.exe","Microsoft® .NET Framework","8",,"False",,"3652","219","2268",".","0","","System.Diagnostics.ProcessModule (SMSvcHost.exe)","1413120","204800","System.Diagnostics.ProcessModuleCollection","17160","17160","24944640","24944640","298984","298984","25034752","25034752","19505152","19505152","577941504","577941504","True","Normal","24944640","24944640","00:00:02.5428163","SMSvcHost","3","True","0","System.Diagnostics.ProcessStartInfo","12/21/2018 4:21:55 AM",,"System.Diagnostics.ProcessThreadCollection","00:00:04.9764319","00:00:02.4336156","571727872","571727872","False",,,,"19484672","19484672",,
"Process","snmp","0","175","37560320","8613888","4599808","15416","C:\Windows\System32\snmp.exe","Microsoft Corporation","754.0308335","6.1.7600.16385 (win7_rtm.090713-1255)","6.1.7600.16385","SNMP Service","Microsoft® Windows® Operating System","8",,"False",,"4516","175","2316",".","0","","System.Diagnostics.ProcessModule (snmp.exe)","1413120","204800","System.Diagnostics.ProcessModuleCollection","15416","15416","4599808","4599808","67776","67776","6115328","6115328","8638464","8638464","52342784","52342784","True","Normal","4599808","4599808","00:11:59.1334098","snmp","3","True","0","System.Diagnostics.ProcessStartInfo","12/21/2018 4:21:40 AM",,"System.Diagnostics.ProcessThreadCollection","00:12:34.0464336","00:00:34.9130238","37560320","37560320","False",,,,"8613888","8613888",,
"Process","spoolsv","0","370","106090496","14659584","7663616","22552","C:\Windows\System32\spoolsv.exe","Microsoft Corporation","7.3632472","6.1.7600.16385 (win7_rtm.090713-1255)","6.1.7600.16385","Spooler SubSystem App","Microsoft® Windows® Operating System","8",,"False",,"4268","370","1336",".","0","","System.Diagnostics.ProcessModule (spoolsv.exe)","1413120","204800","System.Diagnostics.ProcessModuleCollection","22552","22552","7663616","7663616","192488","192488","8949760","8949760","15847424","15847424","111632384","111632384","True","Normal","7663616","7663616","00:00:04.4148283","spoolsv","3","True","0","System.Diagnostics.ProcessStartInfo","12/21/2018 4:21:07 AM",,"System.Diagnostics.ProcessThreadCollection","00:00:07.3632472","00:00:02.9484189","106090496","106090496","False",,,,"14659584","14659584",,
"Process","SPUCHostService","0","1025","884604928","125218816","116457472","98332","C:\Program Files\Common Files\Microsoft Shared\Web Server Extensions\14\UserCode\SPUCHostService.exe","Microsoft Corporation","110.0119052","14.0.6105.5000","14.0.6105.5000","Microsoft SharePoint Foundation SandBoxed code execution host service","Microsoft SharePoint Foundation","8",,"False",,"4272","1025","2736",".","0","","System.Diagnostics.ProcessModule (SPUCHostService.exe)","1413120","204800","System.Diagnostics.ProcessModuleCollection","98332","98332","116457472","116457472","860448","860448","120668160","120668160","127950848","127950848","891789312","891789312","True","Normal","116457472","116457472","00:01:29.5913743","SPUCHostService","3","True","0","System.Diagnostics.ProcessStartInfo","12/21/2018 4:21:47 AM",,"System.Diagnostics.ProcessThreadCollection","00:01:50.0275053","00:00:20.4361310","884604928","884604928","False",,,,"125218816","125218816",,
"Process","SPUCWorkerProcess","0","380","581120000","40497152","44769280","42452","C:\Program Files\Common Files\Microsoft Shared\Web Server Extensions\14\usercode\SPUCWorkerProcess.exe","Microsoft Corporation","0.7644049","14.0.6015.1000","14.0.6015.1000","Microsoft SharePoint Foundation Sandboxed Code Execution Worker Process","Microsoft SharePoint Foundation","8",,"False",,"3776","380","568",".","0","","System.Diagnostics.ProcessModule (SPUCWorkerProcess.exe)","1413120","204800","System.Diagnostics.ProcessModuleCollection","42452","42452","44769280","44769280","266096","266096","52568064","52568064","47071232","47071232","593047552","593047552","True","Normal","44769280","44769280","00:00:00.2652017","SPUCWorkerProcess","3","True","0","System.Diagnostics.ProcessStartInfo","1/4/2019 1:24:45 PM",,"System.Diagnostics.ProcessThreadCollection","00:00:00.7644049","00:00:00.4992032","581120000","581120000","False",,,,"40497152","40497152",,
"Process","SPUCWorkerProcessProxy","0","580","865751040","98299904","102187008","86244","C:\Program Files\Common Files\Microsoft Shared\Web Server Extensions\14\usercode\SPUCWorkerProcessProxy.exe","Microsoft Corporation","2.2152142","14.0.6009.1000","14.0.6009.1000","Microsoft SharePoint Foundation Sandboxed Code Execution Worker Process Proxy","Microsoft SharePoint Foundation","8",,"False",,"3780","580","11700",".","0","","System.Diagnostics.ProcessModule (SPUCWorkerProcessProxy.exe)","1413120","204800","System.Diagnostics.ProcessModuleCollection","86244","86244","102187008","102187008","789480","789480","102195200","102195200","104939520","104939520","882954240","882954240","True","Normal","102187008","102187008","00:00:00.7488048","SPUCWorkerProcessProxy","3","True","0","System.Diagnostics.ProcessStartInfo","1/4/2019 1:24:45 PM",,"System.Diagnostics.ProcessThreadCollection","00:00:02.2152142","00:00:01.4664094","865751040","865751040","False",,,,"98299904","98299904",,
"Process","svchost","0","600","163852288","21897216","17674240","41120","C:\Windows\system32\svchost.exe","Microsoft Corporation","128.7944256","6.1.7600.16385 (win7_rtm.090713-1255)","6.1.7600.16385","Host Process for Windows Services","Microsoft® Windows® Operating System","8",,"False",,"3784","600","352",".","0","","System.Diagnostics.ProcessModule (svchost.exe)","1413120","204800","System.Diagnostics.ProcessModuleCollection","41120","41120","17674240","17674240","161064","161064","17960960","17960960","22491136","22491136","167514112","167514112","True","Normal","17674240","17674240","00:00:53.8203450","svchost","3","True","0","System.Diagnostics.ProcessStartInfo","12/21/2018 4:21:03 AM",,"System.Diagnostics.ProcessThreadCollection","00:02:08.7944256","00:01:14.9740806","163852288","163852288","False",,,,"21897216","21897216",,
