First Name,Last Name,Display Name,Full address,City,State,Post Code,Country/Region,Title,Company,Directorate,Department,Office,Phone,Email,Manager,Password
Test1,User1,Test1 User1,Full Address,City_name,London,Sample_PC,United Kingdom,Test User1 Job Title,Sample_Company,Sample_company_group,Sample_company_dept,sample_office_name,5014,Test1.User1@gmail.com,Test1 User1,P@ssW0rd
Test2,User2,Test2 User2,Full Address,City_name,London,Sample_PC,United Kingdom,Test User2 Job Title,Sample_Company,Sample_company_group,Sample_company_dept,sample_office_name,5015,Test2.User2@gmail.com,Test1 User1,P@ssW0rd
Test3,User3,Test3 User3,Full Address,City_name,London,Sample_PC,United Kingdom,Test User3 Job Title,Sample_Company,Sample_company_group,Sample_company_dept,sample_office_name,5016,Test3.User3@gmail.com,Test1 User1,P@ssW0rd
Test4,User4,Test4 User4,Full Address,City_name,London,Sample_PC,United Kingdom,Test User4 Job Title,Sample_Company,Sample_company_group,Sample_company_dept,sample_office_name,5017,Test4.User4@gmail.com,Test1 User1,P@ssW0rd
Test6,User6,Test6 User6,Full Address,City_name,London,Sample_PC,United Kingdom,Test User6 Job Title,Sample_Company,Sample_company_group,Sample_company_dept,sample_office_name,5019,Test5.User5@gmail.com,Test1 User1,P@ssW0rd
Test5,User5,Test5 User5,Full Address,City_name,London,Sample_PC,United Kingdom,Test User5 Job Title,Sample_Company,Sample_company_group,Sample_company_dept,sample_office_name,5018,Test6.User6@gmail.com,Test1 User1,P@ssW0rd
