<?xml version="1.0" encoding="utf-8"?>
<settings>
	<Variables>
		<Variable>
			<!-- Define a EnvironmentName e.g. Integration/Production etc. - this will be used in HTML & Email Subject -->
			<Name>EnvironmentName</Name>
			<Value>XenApp and XenDesktop</Value>
			<Type>[string]</Type>
			<Scope>Script</Scope>
		</Variable>
		<Variable>
			<!-- Define the hostnames of delivery controllers, you can use localhost if you run localy
			     Example: CXDC01.domain.tld,CXDC02.domain.tld -->
			<Name>DeliveryControllers</Name>
			<Value>localhost</Value> <!-- Add Server separated by comma -->
			<Type>[array]</Type>
			<Scope>Script</Scope>
		</Variable>
		<Variable>
			<!-- Information about the disk you want to check. -->
			<Name>diskLettersControllers</Name>
			<Value>C,D</Value>
			<Type>[array]</Type>
			<Scope>Script</Scope>
		</Variable>
		<Variable>
			<!-- Raise alert if delivery controllers have been rebooted in less than this number of days -->
			<Name>minUpTimeDaysDDC</Name>
			<Value>1</Value>
			<Type>[int]</Type>
			<Scope>Script</Scope>
		</Variable>
		<Variable>
			<!-- Maximum uptime of a virtual Desktop or a XenApp
				 Example: 7 -->
			<Name>maxUpTimeDays</Name>
			<Value>7</Value>
			<Type>[int]</Type>
			<Scope>Script</Scope>
		</Variable>
		<Variable>
			<!-- Exclude Catalogs, e.g Testing or Poc-Catalogs
				 Example: Windows 7,Windows 8 Test -->
			<Name>ExcludedCatalogs</Name>
			<Value></Value>
			<Type>[array]</Type>
			<Scope>Script</Scope>
		</Variable>
		<Variable>
			<!-- Exclude Tags, e.g excludeFromReport, UAT, etc -->
			<Name>ExcludedTags</Name>
			<Value>excludeFromReport</Value>
			<Type>[array]</Type>
			<Scope>Script</Scope>
		</Variable>
		<Variable>
			<!-- define the maximum of counted machines (default is only 250) -->
			<Name>maxmachines</Name>
			<Value>1000</Value>
			<Type>[int]</Type>
			<Scope>Script</Scope>
		</Variable>
<!-- XenDesktop Options -->
		<Variable>
			<!-- # Set to 1 if you want to Check a Environment with XenDesktop (V 5.x and higher) -->
			<Name>ShowDesktopTable</Name>
			<Value>1</Value>
			<Type>[int]</Type>
			<Scope>Script</Scope>
		</Variable>
		<Variable>
			<!-- Define if you ONLY want to see bad XENAPP (Unregistered, to high Uptime, Ping-Time-out)
				 I propose to set this value to 1 in not small environments >50 Desktops -->
			<Name>ShowOnlyErrorXA</Name>
			<Value>0</Value>
			<Type>[int]</Type>
			<Scope>Script</Scope>
		</Variable>
		<Variable>
			<!-- Define if you ONLY want to see bad DESKTOPS (Unregistered, to high Uptime, Ping-Time-out)
				 I propose to set this value to 1 in not small environments >50 Desktops -->
			<Name>ShowOnlyErrorVDI</Name>
			<Value>0</Value>
			<Type>[int]</Type>
			<Scope>Script</Scope>
		</Variable>
		<Variable>
			<!-- Define if you want to see the used graphic mode)
				  -->
			<Name>ShowGraphicsMode</Name>
			<Value>1</Value>
			<Type>[int]</Type>
			<Scope>Script</Scope>
		</Variable>
<!-- XenApp Options -->
		<Variable>
			<!-- Set to 1 if you want to Check a Environment with XenApp (V 7.x and higher) - if you need a Script for versions below visit http://deptive.co.nz/xenapp-farm-health-check-v2/ -->
			<Name>ShowXenAppTable</Name>
			<Value>1</Value>
			<Type>[int]</Type>
			<Scope>Script</Scope>
		</Variable>
		<Variable>
			<!-- Information about the disk you want to check. -->
			<Name>diskLettersWorkers</Name>
			<Value>C,D</Value>
			<Type>[array]</Type>
			<Scope>Script</Scope>
		</Variable>
		<Variable>
			<!-- Set to 1 if you want to see connected XenApp Users -->
			<Name>ShowConnectedXenAppUsers</Name>
			<Value>1</Value>
			<Type>[int]</Type>
			<Scope>Script</Scope>
		</Variable>
		<Variable>
			<!-- Set value for a load of a XenApp server that is be fine, but is needed to escalate -->
			<Name>loadIndexWarning</Name>
			<Value>6000</Value>
			<Type>[int]</Type>
			<Scope>Script</Scope>
		</Variable>
		<Variable>
			<!-- Set value for a load of a XenApp server that is be critical -->
			<Name>loadIndexError</Name>
			<Value>8500</Value>
			<Type>[int]</Type>
			<Scope>Script</Scope>
		</Variable>
		<Variable>
			<!-- # Set to 1 if you want to Check a Citrix license usage -->
			<Name>ShowCTXLicense</Name>
			<Value>1</Value>
			<Type>[int]</Type>
			<Scope>Script</Scope>
		</Variable>
		<Variable>
			<!-- # Select types of licenses to report, eg: XDT_PLT_UD, PVSD_STD_CCS -->
			<Name>CTXLicenseMode</Name>
			<Value>XDT_PLT_UD,PVSD_STD_CCS</Value>
			<Type>[array]</Type>
			<Scope>Script</Scope>
		</Variable>
<!-- PVS-Section: If you are using WriteCache to HD -->
		<Variable>
			<!-- Drive to PVS vDisk write cache file -->
			<Name>PvsWriteCacheDrive</Name>
			<Value>D</Value>
			<Type>[string]</Type>
			<Scope>Script</Scope>
		</Variable>
		<Variable>
			<!-- Size of the local PVS write cache drive -->
			<Name>PvsWriteMaxSize</Name>
			<Value>15</Value> <!-- size in GB -->
			<Type>[long]</Type>
			<Scope>Script</Scope>
		</Variable>
<!-- E-Mail Configuration -->
		<Variable>
			<!-- Address of the sender -->
			<Name>emailFrom</Name>
			<Value>citrix@mycompany.ch</Value>
			<Type>[string]</Type>
			<Scope>Script</Scope>
		</Variable>
		<Variable>
			<!-- Address of the recipient -->
			<Name>emailTo</Name>
			<Value>citrix@mycompany.ch</Value>
			<Type>[string]</Type>
			<Scope>Script</Scope>
		</Variable>
		<Variable>
			<!-- IP or name of SMTP server  -->
			<Name>smtpServer</Name>
			<Value>mailrelay.mycompany.ch</Value>
			<Type>[string]</Type>
			<Scope>Script</Scope>
		</Variable>
		<Variable>
			<!-- Port of SMTP server -->
			<Name>smtpServerPort</Name>
			<Value>25</Value>
			<Type>[string]</Type>
			<Scope>Script</Scope>
		</Variable>
		<Variable>
			<!-- Use ssl for SMTP or not -->
			<Name>smtpEnableSSL</Name>
			<Value>False</Value> <!-- False or True -->
			<Type>[bool]</Type>
			<Scope>Script</Scope>
		</Variable>
		<Variable>
			<!-- Priority of email -->
			<Name>emailPrio</Name>
			<Value>Low</Value>
			<Type>[string]</Type>
			<Scope>Script</Scope>
		</Variable>
		<Variable>
			<!-- Username -->
			<Name>smtpUser</Name>
			<Value></Value>
			<Type>[string]</Type>
			<Scope>Script</Scope>
		</Variable>
		<Variable>
			<!-- Key for password encryption -->
			<Name>smtpKey</Name>
			<Value>7,13,25,32,42,64,72,88,91,55,88,55,77,59,22,82,200,0,3,88,10,55,93,244</Value>
			<Type>[array]</Type>
			<Scope>Script</Scope>
		</Variable>
		<Variable>
			<!-- Password
				 Create password with follow two lines
				 $Credential = Get-Credential
				 $credential.Password | ConvertFrom-SecureString -Key $smtpKey -->
			<Name>smtpPW</Name>
			<Value></Value>
			<Type>[string]</Type>
			<Scope>Script</Scope>
		</Variable>
	</Variables>
</settings>