#TYPE Selected.Microsoft.ActiveDirectory.Management.ADUser
"Name","passwordlastset","passwordneverexpires"
"Account, Interview","4/20/2012 9:46:16 AM","False"
"Accounting Events Calendar","7/9/2008 10:59:43 AM","True"
"Accounting Fax",,"False"
"Accounting Journal Entries","11/10/2009 4:29:05 PM","True"
"Accounts Payable - Board Payment Requests","10/29/2014 10:27:24 AM","False"
"Accounts Payable-Birmingham",,"False"
"achapc","1/9/2015 8:24:40 AM","False"
"achapt","1/9/2015 8:23:39 AM","False"
"ACT Security","7/13/2015 8:42:29 AM","False"
"Acuity_Claims","9/13/2007 6:08:48 PM","True"
"AD Temp",,"False"
"Adair, Carrie","7/20/2015 7:50:40 AM","False"
"Adamo, Vic","5/28/2013 9:29:09 AM","False"
"Adams, Nicholas","3/2/2015 9:47:34 AM","False"
"Admin Andrew Lefever",,"False"
"Admin Bracy Skinner",,"False"
"Admin Brandon Gaither",,"False"
"Admin Brent Wells",,"False"
"Admin Chris Prime",,"False"
"Admin Corbin Ko",,"False"
"Admin Dave Horvath",,"False"
"Admin Gary Jackson",,"False"
"Admin James Nolte",,"False"
"Admin John Byrd",,"False"
"Admin Jonathan Bevan",,"False"
"Admin Pernell Winston",,"False"
"Admin Rosie Zerbst",,"False"
"Admin Sean Blankenship",,"False"
"Administrator","10/15/2000 11:30:19 AM","True"
"AD-PilotTest","9/18/2015 1:53:19 PM","False"
"Aeschlimann, Kara","8/4/2015 9:16:25 AM","False"
"agencyfax","7/28/2015 4:33:15 PM","False"
"Agent Communications","12/10/2004 9:42:52 AM","False"
"AGPM Service Account","12/6/2013 2:34:58 PM","False"
"Ajello, John","6/17/2015 9:03:54 AM","False"
"Akins, Grant","9/15/2015 9:15:11 AM","False"
"Akula, Preethi","9/1/2015 9:49:56 AM","False"
"Al Bachawati, Claire","7/9/2015 8:38:55 AM","False"
"Alexander, Darryl","7/20/2015 5:27:35 PM","False"
"Alexander, Holly","5/23/2014 5:39:47 PM","False"
"Alexander, Neal","7/30/2015 9:21:53 AM","False"
"Alighire, Mark","9/25/2015 10:42:21 AM","False"
"Allinder, Denise","9/1/2015 4:54:26 PM","False"
"Almeida-Wilson, Maria",,"False"
"Alvarado, David","1/5/2015 8:54:31 AM","False"
"Ancillary Maintenance","4/23/2014 10:34:00 AM","False"
"Anderson, Jen","8/6/2015 2:55:56 PM","False"
"Andrews, Natalia","8/3/2015 9:06:29 AM","False"
"Angelo, Anthony","9/24/2015 9:46:06 AM","False"
"Anthony, Chrissy","8/11/2015 8:58:54 AM","False"
"API Dental Renewals","7/11/2011 11:15:57 AM","False"
"API Renewals","6/21/2011 10:28:12 AM","False"
"Apple","1/30/2015 9:51:00 AM","False"
"Application Request",,"False"
"Appointment Requests",,"False"
"Archer, Lauren","7/24/2015 8:51:48 AM","False"
"ASA1","10/1/2014 9:53:45 AM","False"
"ASA2","10/1/2014 9:54:46 AM","False"
"Ascension Credentialing",,"False"
"ascensionin","5/14/2015 8:08:32 AM","False"
"Askew, Keith","8/5/2015 7:11:58 AM","False"
"askPayroll","8/26/2011 2:43:03 PM","False"
"ASPNET","3/22/2010 9:50:17 PM","True"
"Attorney Fees","7/22/2013 10:17:03 AM","False"
"Audio-Conference","3/31/2010 11:01:45 AM","False"
"Austin Accounts Payable","4/15/2011 10:37:41 AM","False"
"austinfax1",,"False"
"austinfax2",,"False"
"AustinUW","6/28/2011 2:49:07 PM","True"
"AvamarBackupUser","6/6/2014 10:31:59 AM","True"
"AvamarBackupUser1","5/28/2014 9:42:33 AM","True"
"Ayd, George","5/23/2014 5:39:48 PM","False"
"Bailey, Bill","7/13/2015 10:31:23 AM","False"
"Baker, Bonny","7/27/2015 8:27:05 AM","False"
"Baldus, Yolanda","8/10/2015 9:13:00 AM","False"
"Baldwin, Dianne","8/26/2015 9:24:53 AM","False"
"Ballance, Vickie","6/30/2015 8:18:24 AM","False"
"Ballard, Rob","9/14/2015 9:47:45 AM","False"
"Bard, Leslie","9/10/2015 1:49:37 PM","False"
"Barnhill, Marla","7/17/2015 3:27:21 PM","False"
"Bauman, Elyse","9/8/2015 9:11:53 AM","False"
"Beachnau, Lori","7/28/2015 9:02:28 AM","False"
"Beal-Fowler, Sharon","8/22/2015 12:46:42 PM","False"
"Beall, Teresa","8/26/2015 9:37:14 AM","False"
"Beard, Kathy","8/25/2015 7:37:04 AM","False"
"Beasley, Robin","7/20/2015 10:02:46 AM","False"
"Beatty, Nicole","8/20/2015 8:16:08 AM","False"
"Beck, Alex","7/6/2015 9:16:47 AM","False"
"Beech, Chuck","9/1/2015 12:45:21 PM","False"
"Beeson, Jim","8/6/2015 8:03:55 AM","False"
"Begum, Malika",,"False"
"Bell, David","9/22/2015 1:36:28 PM","False"
"Bell, Rosalyn","8/25/2015 8:33:16 AM","False"
"Bellins, Dante","5/23/2014 5:53:25 PM","False"
"Bennett, Cathy","9/23/2015 7:32:36 AM","False"
"Bergeron, Kalan","7/15/2015 9:52:47 AM","False"
"Bernard, Mercedes","10/31/2014 11:28:52 AM","False"
"BES10Admin","6/27/2014 10:54:06 AM","False"
"BESAdmin","9/25/2012 11:46:42 AM","True"
"Bevan, Jon","8/4/2015 3:09:50 PM","False"
"Beverly-El, Keisha",,"False"
"Beyers, Kay","5/23/2014 5:53:28 PM","False"
"Bharati, Sanjay","8/27/2015 3:48:55 PM","False"
"Bibb, Maggie","5/23/2014 5:53:29 PM","False"
"Biddle, Janet","8/3/2015 10:04:41 AM","False"
"Bilder, Joe","8/6/2015 11:57:51 AM","False"
"BirminghamUW","2/17/2010 11:38:49 AM","True"
"Bishop, Frank","9/9/2015 9:14:33 AM","False"
"Bittle, William","8/7/2014 8:12:31 AM","False"
"Black, Larry","5/23/2014 5:53:30 PM","False"
"Blackmon, Antoinette","9/10/2015 10:09:21 AM","False"
"Blackwood, Stephen","7/20/2015 7:19:57 AM","False"
"Blakely, JC","7/2/2015 3:53:41 PM","False"
"Blaney, Ruth",,"False"
"Blankenship, Sean","9/9/2015 3:45:31 PM","False"
"Blohm, Karen","7/23/2015 12:58:17 PM","False"
"Bolt, Joseph",,"False"
"Bond, Doug","8/31/2015 5:46:41 PM","False"
"Bond, Trevor","7/20/2015 8:56:38 AM","False"
"Bonham, Debbie","8/10/2015 8:07:02 AM","False"
"Books, Board","5/23/2014 5:53:31 PM","False"
"Boone, Brandy","7/27/2015 10:02:39 AM","False"
"Booth Abex6","2/9/2015 1:12:48 PM","True"
"Booth Banner-Entity","2/10/2015 8:14:31 AM","True"
"Booth BannerMPL","2/10/2015 8:02:39 AM","True"
"Booth Nimlock8","2/9/2015 3:39:58 PM","True"
"Boppuri, Pravin","8/27/2015 3:51:59 PM","False"
"Borgman, Joni","8/20/2015 8:37:04 AM","False"
"Bostick, Tara","7/2/2015 8:28:15 AM","False"
"Bouma, Katherine","8/19/2015 9:17:12 AM","False"
"Bowen, Brandi","7/20/2015 8:47:41 AM","False"
"Bowker, David","7/23/2015 8:45:38 AM","False"
"Bowlby, Jeff","8/20/2015 11:20:53 AM","False"
"Bowling, Susie","9/8/2015 10:15:40 AM","False"
"Bowman, Crystal","7/13/2015 12:18:02 PM","False"
"Boyd, Mark","9/11/2015 12:11:19 PM","False"
"Boyko, Maksym",,"False"
"Bradley, Theresa","8/25/2015 9:40:00 AM","False"
"Brady, Chris","8/7/2015 9:30:00 AM","False"
"Brady, Philip","8/4/2015 7:47:44 AM","False"
"Brake, Bryan","7/21/2015 7:53:13 AM","False"
"Breckenridge, Kyle","7/28/2015 9:04:45 AM","False"
"Brennan, Kevin","9/18/2015 2:03:27 PM","False"
"Brennan, Mary","6/29/2015 9:38:55 AM","False"
"Brent Shirk","7/17/2015 10:07:11 AM","False"
"Breunig, Courtney","3/11/2015 8:37:41 AM","False"
"Brewer, Kelly","8/10/2015 10:16:44 AM","False"
"Brimer, Wayne","7/27/2015 9:30:50 AM","False"
"Brimley, Nicholas","8/21/2014 7:56:07 AM","False"
"Broderick, Scott","5/7/2013 12:32:20 PM","False"
"Bromley, Greg","8/10/2015 6:40:29 AM","False"
"Brooks, Sherri","7/27/2015 9:14:50 AM","False"
"Brott, Liz","8/13/2015 12:10:29 PM","False"
"Brown, David","8/17/2015 9:45:42 AM","False"
"Brown, Glenn","8/24/2015 9:48:28 AM","False"
"Brown, Mandy","9/10/2015 8:20:28 AM","False"
"Brown, Michelle","7/6/2015 8:41:36 AM","False"
"Brubaker, Zeke","8/27/2015 12:57:47 PM","False"
"Bruce, Molly","7/27/2015 10:02:14 PM","False"
"Bryan, Peggy","7/28/2015 9:25:48 AM","False"
"Bryant, Jennifer","7/31/2015 4:02:59 PM","False"
"Builder, Joe","8/6/2015 5:46:24 PM","False"
"Burgos, Kameron","6/2/2015 1:04:53 PM","False"
"Burke, Tracy","7/7/2015 4:56:27 PM","False"
"Burns, Heather","8/3/2015 9:04:44 AM","False"
"Burton, Chantelle","9/2/2015 9:02:26 AM","False"
"Burton, Kathi","7/7/2015 10:37:08 AM","False"
"Burts, Dale",,"False"
"Busse, Scott",,"False"
"Bussey, Tonya","9/25/2015 5:46:57 PM","False"
"Butler, Craig",,"False"
"Butler, Richard","5/23/2014 5:53:32 PM","False"
"Butler, Wesley","8/7/2015 9:04:39 AM","False"
"bwalterstemp",,"False"
"Byrd, Jenney","9/25/2015 8:37:12 AM","False"
"Byrd, John","9/8/2015 8:57:56 AM","False"
"Calhoun, Joshua","7/22/2015 9:58:39 AM","False"
"Calhoun, Nicole","5/23/2014 5:53:33 PM","False"
"Call Tracking","2/20/2009 2:04:12 PM","True"
"Campbell, Tyler","8/24/2015 9:03:07 AM","False"
"Campo, Jorge","7/16/2015 1:26:35 PM","False"
"Candler, James","8/27/2015 9:13:20 AM","False"
"Cannell, Kevin",,"False"
"Capote, Adrian","8/24/2015 10:05:23 AM","False"
"Cappra","2/12/2014 8:50:29 AM","False"
"Care, Dentist",,"False"
"Carlile, Karen","9/1/2015 9:06:10 AM","False"
"Carlton, Christa","7/17/2015 3:21:12 PM","False"
"Carney, Lynn","5/23/2014 5:53:33 PM","False"
"Carter, Mackenzie","8/11/2014 7:44:04 AM","False"
"Casaday, Marlene","7/2/2015 7:48:37 AM","False"
"Cash Management","7/2/2010 11:15:55 AM","False"
"Castillo, Richard","8/31/2015 9:09:26 AM","False"
"Caufield, Sarah","9/11/2015 9:57:17 AM","False"
"Cen, James",,"False"
"Central Print",,"False"
"Certitude Risk Advisor","9/26/2014 4:11:20 PM","False"
"Chaffinch, Randall","9/6/2015 8:23:51 PM","False"
"Chakraborty, Arnab","9/1/2015 12:06:36 PM","False"
"Chamberlain, Judy","7/17/2015 9:24:58 AM","False"
"Chandler, Ellen","8/3/2015 9:52:04 AM","False"
"Chapelle, Kathy","8/21/2015 5:44:20 PM","False"
"Chapman, Mary","7/23/2015 7:01:20 AM","False"
"Charity Committee","2/13/2012 3:10:51 PM","True"
"Cherwell","1/21/2015 12:16:57 PM","True"
"Cherwell Model","2/4/2015 11:32:11 AM","False"
"Cherwelltest","1/21/2015 12:18:05 PM","False"
"Cheung, Mitchell","5/23/2014 5:53:33 PM","False"
"Chiarella, Jerry","8/11/2015 9:20:30 AM","False"
"Choraitis, Katie","7/6/2015 10:57:37 AM","False"
"Christian, Margaret","8/24/2015 11:13:27 AM","False"
"Christy, Dell","4/27/2015 5:52:50 PM","False"
"chtest","8/3/2015 8:55:51 AM","False"
"Church, Andrew","9/25/2015 10:51:44 AM","False"
"cinfo mail","11/27/2001 11:21:29 AM","True"
"citrixdb","11/11/2010 3:39:44 PM","True"
"citrixservice","6/20/2005 10:07:42 AM","True"
"Claas, Marcie","7/16/2015 9:12:36 AM","False"
"Claims Agent Communication","8/12/2013 10:54:21 AM","True"
"Claims Compliance Reporting",,"False"
"Claims Coverage","7/8/2014 11:34:12 AM","False"
"Claims Crystal Report Questions","6/30/2009 1:28:21 PM","True"
"Claims Fax","4/23/2012 9:07:51 AM","False"
"Claims Help Desk","11/5/2007 4:24:23 PM","False"
"Claims History Austin","9/16/2011 3:30:15 PM","False"
"Claims History Florida","12/15/2011 10:13:43 AM","True"
"Claims History Indiana","3/7/2008 1:52:05 PM","True"
"Claims History Louisville","9/1/2011 10:26:53 AM","False"
"Claims InfoView","9/15/2009 9:35:59 AM","True"
"Claims Intake","9/12/2012 10:32:36 AM","False"
"Claims Loss Pay Request","7/12/2013 4:30:06 PM","False"
"Claims Mail Import","8/30/2015 10:43:25 AM","True"
"Claims Mail Import LC","9/5/2014 10:50:04 AM","False"
"Claims Reporting","11/5/2007 4:25:21 PM","False"
"Claims Service Account","6/5/2006 4:34:36 PM","True"
"claimshistory","12/7/2007 12:49:33 PM","True"
"Clary, Andrew","8/31/2015 11:56:55 AM","False"
"Cleveland Fax","11/29/2001 3:29:22 PM","True"
"Clough, Brandy","8/31/2015 9:35:27 AM","False"
"clusterservice","6/26/2004 11:12:02 AM","True"
"Cochran, Larry","7/30/2015 9:46:16 AM","False"
"COI Request IND","5/23/2006 5:06:21 PM","True"
"COI Request OKE","5/23/2006 5:01:18 PM","True"
"COI Request SPR","9/28/2007 2:12:31 PM","True"
"Coley, Kristen","8/28/2015 7:59:35 AM","False"
"Colpack, Leah","8/17/2015 2:29:36 PM","False"
"Columbus Fax","11/29/2001 3:29:58 PM","True"
"Colvin, Naomi","9/28/2015 9:00:17 AM","False"
"Compass Houston","4/9/2013 11:23:52 AM","True"
"Conklin, Cory","7/27/2015 8:04:44 AM","False"
"Conner, Cara","8/24/2015 1:57:26 PM","False"
"Consultant, Accounting","1/21/2014 3:16:17 PM","False"
"Cook, Sandy","9/3/2015 9:25:39 AM","False"
"Cooke, Barbara","8/25/2015 7:51:13 AM","False"
"Cools, Brian","9/14/2015 9:05:15 AM","False"
"Cornelius, Kayla","9/14/2015 7:57:58 AM","False"
"Corporate Investments","4/13/2006 3:04:58 PM","False"
"Cortis, Jonathan","6/12/2015 11:49:54 AM","False"
"Crady, Mike","8/24/2015 9:26:32 AM","False"
"Credentialing","4/29/2014 5:55:45 PM","False"
"Creel, Brianna","9/15/2015 7:41:41 AM","False"
"Creighton, Margie","9/22/2014 8:38:30 AM","False"
"Creighton, Marjorie","4/30/2015 4:12:54 PM","False"
"Crim, Christina","7/28/2015 8:18:12 AM","False"
"CRM Administrator","8/8/2013 9:23:31 AM","True"
"CRM App Pool Service Account","1/29/2013 9:27:56 AM","True"
"CRM ProRate Service Account","7/16/2013 1:58:34 PM","True"
"CRM Reporting Service Account","1/29/2013 9:28:06 AM","True"
"CRM Reporting SSAS","3/12/2015 2:13:51 PM","True"
"CRM Setup Service Account","1/29/2013 9:27:48 AM","True"
"Croucher, Emma","7/23/2015 7:51:31 AM","False"
"Crowe, Carson","7/15/2015 9:43:58 AM","False"
"Crowe, Derrill","2/2/2015 5:31:26 PM","True"
"Crystal Info-1","12/1/2000 10:10:40 AM","True"
"Culpepper, Brandy","9/14/2015 8:44:42 AM","False"
"Curtis, Susanne","7/20/2015 11:43:10 AM","False"
"Cuzzi, Greg","9/17/2015 11:46:33 AM","False"
"Dadfarma, Mehdi","8/31/2015 7:53:03 AM","False"
"Daher, Michael","9/10/2015 10:27:59 AM","False"
"Dale, Duncan","2/4/2014 3:41:38 PM","False"
"Dallas Fax","6/12/2012 12:36:56 PM","False"
"Danald, Stellan","1/26/2015 12:22:35 PM","False"
"Daniel, Johnathan","9/1/2015 12:02:58 PM","False"
"Dapkus, Steve","7/20/2015 10:30:45 AM","False"
"Darnell, Doug","8/24/2015 1:04:06 PM","False"
"Data Reader","8/16/2007 10:53:52 AM","True"
"Data Warehouse Write Action","5/19/2009 4:17:47 PM","True"
"Dauer, Justin","7/2/2014 11:14:13 AM","False"
"Daugherty, Barbara","8/28/2015 10:06:15 AM","False"
"Davis, Chris","9/3/2015 8:29:37 AM","False"
"Davis, Joel","8/24/2015 9:25:06 AM","False"
"DCUW","2/17/2010 11:39:14 AM","True"
"Dearman, Diana","7/22/2015 10:15:29 AM","False"
"Default Search Crawler","8/2/2007 9:55:25 AM","True"
"Defense Firms","8/30/2015 10:43:18 AM","True"
"Deffirm LC","9/5/2014 10:52:39 AM","False"
"Defrancesco-Ross, Laura","8/12/2015 6:39:55 PM","False"
"DeMarco, Connie","4/22/2015 8:33:20 AM","False"
"Demers, Susan","9/23/2015 7:27:34 AM","False"
"Deming, Jenice","8/24/2015 10:02:50 AM","False"
"Desisto, David","12/15/2014 1:20:05 PM","False"
"Dev Mail",,"False"
"Dillett Weber, Laura","8/13/2015 8:58:54 AM","False"
"DiscoverySearchMailbox {D919BA05-46A6-415f-80AD-7E09334BB852}",,"False"
"Dishart, Noreen","9/23/2015 1:46:55 PM","False"
"Dixon, Ryan","9/8/2015 8:57:48 AM","False"
"dmirtestuser","2/18/2013 9:25:29 AM","False"
"Dolan, Kathy","8/10/2015 4:29:11 PM","False"
"Dowling, Gary","7/15/2015 5:21:30 PM","False"
"Downing, Linda","9/16/2015 8:21:25 AM","False"
"Draney, Adam","8/12/2015 12:00:44 PM","False"
"Draper, Jill","5/23/2014 6:00:09 PM","False"
"DR-EMAILMOM",,"True"
"Duplicates","11/8/2007 12:56:53 PM","True"
"Dupre, Paul","7/15/2015 8:19:19 AM","False"
"Dupure, Cherie","7/31/2015 8:24:30 AM","False"
"dvduser","3/7/2013 2:21:03 PM","True"
"Dyer, Douglas","8/31/2015 9:11:31 AM","False"
"Dyson, Sara","5/23/2014 6:00:09 PM","False"
"E&Y Audit","8/27/2015 11:14:53 AM","False"
"E&Y Audit 2","12/20/2013 10:46:26 AM","False"
"EAIC$","9/27/2015 3:21:41 AM","False"
"Earley, Mallory","9/2/2015 4:32:15 PM","False"
"Eckman, Eric","8/6/2015 11:56:28 AM","False"
"Eggleston, Jean","8/14/2015 7:27:53 AM","False"
"EIHI$","9/18/2015 11:51:21 AM","False"
"Ekery, Laura","9/28/2015 10:02:03 AM","False"
"Elkner, Will",,"False"
"Elliott, Dale","8/24/2015 1:56:28 PM","False"
"Ellis, Phillip","9/1/2015 2:29:02 PM","False"
"Ellison, Cameron","8/28/2015 1:42:48 PM","False"
"Emery, Blane","8/12/2015 9:35:45 AM","False"
"Encarnacion, Kris","5/23/2014 6:00:10 PM","False"
"Enders, Rich","9/28/2015 11:25:13 AM","False"
"Ennella, Dianne","5/23/2014 6:00:10 PM","False"
"eOasisEPP","7/14/2015 3:37:49 PM","True"
"EPP Registration","5/6/2009 2:29:41 PM","True"
"EPPMaintenanceEPP","7/14/2015 3:36:29 PM","True"
"Epulse","4/17/2011 5:54:28 PM","False"
"Equip.-Madison-CCall 800 556 9476, 767019","9/19/2012 3:03:22 PM","True"
"ERAS (Not for internal use)",,"False"
"Ernst, Benjamin","7/30/2015 8:08:01 AM","False"
"Ertl, Alexander","4/17/2015 1:08:15 PM","False"
"ESL","10/1/2002 3:22:05 PM","True"
"ESL Reentry","4/15/2005 4:12:06 PM","True"
"Esparza, Jason","7/6/2015 3:17:50 PM","False"
"Esser, Amy Jo","7/9/2015 11:13:31 AM","False"
"Etheridge, Missy","9/22/2015 1:48:01 PM","False"
"Ethics Compliance","12/20/2005 4:49:46 PM","True"
"Evans, Jamie","9/14/2015 7:53:05 AM","False"
"Everitt, Karen","9/22/2015 9:26:10 AM","False"
"EV-OWA - Enterprise Vault System","5/17/2006 5:15:15 PM","True"
"exmergearchive","2/4/2011 9:42:58 AM","True"
"Expensewatch Admin","5/23/2014 6:00:10 PM","False"
"extest_9259fa9be36a4","9/27/2015 11:47:08 PM","False"
"extest_dc95daaa176b4","7/18/2015 10:02:13 PM","False"
"Fahrenkrug, Crystal","9/21/2015 9:16:24 AM","False"
"Fant, Kelley","3/31/2014 8:01:09 AM","False"
"Faris, Andrew","8/11/2015 4:43:07 PM","False"
"Farr, Debbie","8/10/2015 1:44:44 PM","False"
"FederatedEmail.4c1f4d8b-8179-4148-93bf-00a95fa1e042",,"False"
"Fernandez, Paul","7/3/2014 6:05:19 PM","False"
"Fernando, Dennis","5/23/2014 6:00:11 PM","False"
"Feurtado, Ray","12/3/2010 5:23:32 PM","False"
"Finance","12/30/2009 2:17:26 PM","True"
"Finance Technology and Training Team","2/18/2013 4:08:15 PM","False"
"Financial Compliance",,"False"
"Financial Service Account","2/2/2007 9:33:56 AM","True"
"Findley, Brian","8/30/2015 6:49:11 AM","False"
"Finner, Carol","9/17/2015 7:46:00 AM","False"
"Fluegel, Doug","8/3/2015 8:53:41 AM","False"
"FNOL","8/30/2015 10:43:11 AM","True"
"Forrest, Chris","9/24/2015 7:49:26 AM","False"
"Fortenberry, Caitlyn","9/28/2015 10:19:16 AM","False"
"Fortson, Linda","9/17/2015 7:52:30 AM","False"
"Foster, Cindy","7/20/2015 9:31:47 AM","False"
"Foster, Sarah","7/22/2015 10:34:25 AM","False"
"Francis, Charles","8/24/2015 8:53:15 AM","False"
"Franklin, Rachelle","9/28/2015 8:03:32 AM","False"
"Freed, Robin","7/21/2015 8:41:26 AM","False"
"Friedman, Howard","8/31/2015 7:23:58 AM","False"
"Friedman, Sara","11/6/2013 1:32:57 PM","False"
"FSBWV",,"False"
"Fuangfuang, David","9/8/2015 7:40:22 AM","False"
"Fujan, David","9/14/2015 10:44:16 AM","False"
"Gaines, Mary","9/16/2015 7:28:14 AM","False"
"Gaither, Brandon","9/25/2015 11:25:57 AM","False"
"Galle, Anne-Louise","9/21/2015 5:59:14 PM","False"
"Garcia, Juan","7/7/2015 10:06:12 AM","False"
"Garfield, Esther","9/22/2015 8:01:07 AM","False"
"Garrett, Marta","8/12/2015 9:47:07 AM","False"
"Garrett, Taylor","8/13/2015 2:01:48 PM","False"
"Garyet, Shelly","7/30/2015 8:56:14 AM","False"
"Gast, Katherine","8/31/2015 8:33:48 AM","False"
"Gemini, Manu","9/1/2015 11:16:11 AM","False"
"George Ayd","2/2/2015 4:19:49 PM","True"
"Georgia Lawyers",,"False"
"GeorgiaLawyersUW","1/28/2010 10:35:42 AM","True"
"Gilbert, Ebone","8/24/2015 10:38:19 AM","False"
"Gilbert, Mary","8/28/2015 4:03:19 PM","False"
"Gilder, Justin","8/10/2015 9:44:21 AM","False"
"Gillespie, Keith","9/21/2015 9:27:46 AM","False"
"Gillis, Greg","9/14/2015 8:50:28 AM","False"
"Gilmore, Sally","9/10/2015 8:59:15 AM","False"
"Gin, Vivi","9/23/2015 9:32:00 AM","False"
"Gleason, Laura",,"False"
"Gonzalez, April","7/6/2015 8:26:39 AM","False"
"Goodwillie, Barbara","7/27/2015 8:52:35 AM","False"
"Goodwin, LaQuita","9/1/2015 1:03:08 PM","False"
"Goodyear-Brown, Forrest","5/14/2015 11:39:22 AM","False"
"Goss, David","8/10/2015 8:46:40 AM","False"
"Gould, Vicky","8/17/2015 11:45:41 AM","False"
"Gowins, Andre",,"False"
"Graham, Bobby","8/13/2015 12:11:56 PM","False"
"Granado, Deanna","8/28/2015 11:58:07 AM","False"
"Grandon, Shelley","9/23/2015 10:24:15 AM","False"
"Grant, Keenan",,"False"
"Grasse, Joe","9/21/2015 9:02:38 AM","False"
"Grause, Joseph",,"False"
"Gray, Monique","8/19/2015 7:44:30 AM","False"
"Green, Robin","8/14/2015 3:32:10 PM","False"
"Grier, Sandra","7/9/2015 8:41:02 AM","False"
"Griffey, Nigel","8/18/2015 9:43:39 AM","False"
"Grubbs, Dawn","8/3/2015 8:25:48 AM","False"
"Guarneri, Dawn","8/4/2015 8:23:30 AM","False"
"Gudipati, Keshav",,"False"
"Guest",,"True"
"Gujral, Vivek","6/13/2013 2:09:01 AM","False"
"Gwaltney, Robert","8/28/2015 11:25:48 AM","False"
"Haerens, Paul","9/23/2015 9:21:06 AM","False"
"Haertlein, Cheryl","8/17/2015 8:57:13 AM","False"
"Hagaman, Dawn","7/2/2015 8:00:36 AM","False"
"Hagood, Lauren","2/16/2015 9:13:52 AM","False"
"Haisten, Matthew","8/27/2013 6:40:35 PM","False"
"Hakim, Mark","9/1/2015 7:38:36 AM","False"
"Hale, Lisa","7/23/2015 12:04:28 PM","False"
"Hall, Kristy","6/15/2015 8:49:33 AM","False"
"Hall, Lawanna","8/3/2015 8:30:17 AM","False"
"HAMILTON$","9/16/2015 6:30:05 AM","False"
"Hamilton, Anita","7/20/2015 4:49:11 PM","False"
"Hamming, Aaron","9/21/2015 8:04:05 AM","False"
"Hancock, Chris","4/24/2015 12:24:08 PM","False"
"Hand, Steve","9/25/2015 8:22:02 AM","False"
"Hanks, Marion","9/9/2015 7:42:59 AM","False"
"Haroutunian, Sharron","9/21/2015 9:52:11 AM","False"
"Harpst, Kathi","8/5/2015 10:21:32 AM","False"
"Harris, Allen","9/10/2013 2:18:47 PM","False"
"Harris, Gina","9/16/2015 5:19:03 PM","False"
"Harris, Jan","7/15/2015 11:10:08 AM","False"
"Harris, Kayla","7/27/2015 9:34:55 AM","False"
"Harris, Tracy","8/3/2015 9:27:35 AM","False"
"Harrison, Heather","8/24/2015 9:42:27 AM","False"
"Harrison, Jeff",,"False"
"Harty, Matt","5/23/2014 6:00:12 PM","False"
"Hatchel, James","7/20/2015 11:36:11 AM","False"
"Hayes, Cynthia","9/15/2015 10:21:18 AM","False"
"Haynes, Barry","9/21/2015 9:43:45 AM","False"
"Hecht, Mindi","5/23/2014 6:00:12 PM","False"
"Heifner, Tammie","7/30/2015 11:21:05 AM","False"
"Heim, Marty","9/4/2015 5:33:13 PM","False"
"Heins, Dody","9/18/2015 8:44:34 AM","False"
"Heinz, Spencer",,"False"
"HelpDesk","9/28/2015 1:30:39 PM","False"
"Helsloot, Mark","7/27/2015 8:07:31 AM","False"
"Henderson, Kayla","7/31/2015 8:51:00 AM","False"
"Henige, Garrett","8/31/2015 8:07:50 AM","False"
"Henshaw, Jeanie","8/4/2015 7:39:25 AM","False"
"Hess, Ross","9/21/2015 7:47:20 AM","False"
"Hicks, Lauren","9/16/2015 9:09:51 AM","False"
"Hill, Alex","7/8/2015 3:11:37 PM","False"
"Hill, Billy","8/20/2015 8:09:17 AM","False"
"Himel, Tonja","9/8/2015 9:30:57 AM","False"
"Hixson, Tanner","8/31/2015 3:28:13 PM","False"
"Hodge, Emily","8/17/2015 3:14:25 PM","False"
"Holcombe, Chacondra","9/21/2015 9:27:02 AM","False"
"Holland, Nancy","8/27/2015 8:27:43 AM","False"
"Holmgrain, Jennifer","8/13/2015 9:43:49 AM","False"
"Hooks, Jennifer","9/25/2015 9:25:53 AM","False"
"Hooper, Leslie","6/8/2015 10:09:02 AM","False"
"Hopper, David","12/31/2013 8:07:11 AM","False"
"Horn, Mick","7/13/2015 8:59:08 AM","False"
"Horvath, Dave",,"False"
"Hospital Underwriting",,"False"
"Houston Endorsements","12/22/2009 9:14:27 AM","True"
"Howard, Joe","8/24/2015 11:55:56 AM","False"
"Howell, Edward","5/22/2014 12:00:21 PM","False"
"Hubbard, Jordon","9/21/2015 5:29:27 PM","False"
"Hudson, Erin","9/14/2015 9:35:24 AM","False"
"Huemmer, Timothy","3/25/2014 2:25:37 PM","False"
"Huether, Sara","9/24/2013 12:04:00 PM","False"
"Hughes, Davina","9/21/2015 8:49:21 AM","False"
"Hulbert, Lauren","5/23/2014 6:00:13 PM","False"
"Hunsberger, Scott","9/21/2015 9:51:36 AM","False"
"Hunt, Lindsey","8/7/2015 4:23:48 PM","False"
"Hunt, Regina","8/6/2015 10:08:38 AM","False"
"Hunter, Melanie","7/21/2015 10:09:44 AM","False"
"Huscher, Gerald","2/17/2015 2:36:15 PM","False"
"Hutchison, Caron","9/14/2015 12:36:27 PM","False"
"IISUSER_SOLARWINDS","7/9/2007 2:58:18 PM","True"
"Image","1/30/2008 4:14:08 PM","True"
"imageright","1/26/2015 10:45:27 AM","True"
"ImageRight Claims","11/14/2005 12:10:30 PM","True"
"Imagetest","3/6/2008 11:47:47 AM","True"
"img-sch1","9/4/2012 8:19:21 AM","True"
"img-sch2","9/4/2012 8:16:55 AM","True"
"img-sch3","8/6/2004 10:26:37 AM","True"
"img-sch4","9/4/2012 8:18:23 AM","True"
"img-test","8/6/2004 10:37:27 AM","True"
"IND Claims","7/1/2013 9:53:01 AM","False"
"IND Requests","5/28/2013 11:54:51 AM","False"
"Indiana Patient Compensation Fund","12/13/2012 11:19:59 AM","False"
"Indianapolis Fax","11/21/2001 2:06:07 PM","True"
"IndianapolisUW","2/17/2010 11:39:38 AM","True"
"Investor Relations","4/23/2008 10:15:08 AM","True"
"Invoice Import","4/15/2013 2:09:14 PM","False"
"Invoicing","9/19/2014 12:21:21 PM","False"
"Ir5test","8/23/2012 11:22:50 AM","False"
"IRConversion","4/27/2015 5:16:19 PM","False"
"IRMigration","6/5/2015 7:14:29 AM","True"
"irtestaccount","6/3/2015 10:19:44 AM","True"
"IS Projector","11/24/2003 12:43:37 PM","True"
"IUSR_MAI-BHM-AL","2/26/2004 11:00:03 PM","True"
"IUSR_PRO-BACK","6/18/2004 3:11:03 PM","True"
"IUSR_PRO-DC-BHM-1","8/13/2007 7:42:08 PM","True"
"IUSR_PRO-DC-BHM-2","7/24/2008 10:28:33 AM","True"
"IWAM_MAI-BHM-AL","2/26/2004 11:00:03 PM","True"
"IWAM_PRO-BACK","6/18/2004 3:11:03 PM","True"
"IWAM_PRO-DC-BHM-1","7/5/2005 11:55:57 AM","True"
"IWAM_PRO-DC-BHM-2","7/24/2008 10:28:34 AM","True"
"JabberVideo1","2/19/2015 11:15:54 AM","False"
"JabberVideo2","2/19/2015 11:16:26 AM","False"
"Jackson, Ana","9/16/2015 4:57:07 PM","False"
"Jackson, Darren","7/20/2015 10:55:42 AM","False"
"Jackson, Gary","9/9/2015 8:54:40 AM","False"
"Jackson, Greg","8/18/2015 5:11:29 PM","False"
"Jackson, Kevin","9/11/2015 10:11:08 AM","False"
"Jacob, Asha",,"False"
"Jairath, Puneet","3/18/2015 9:39:27 AM","False"
"Jankovich, Marcy","7/24/2015 1:56:05 PM","False"
"Jarrett, Columbia","9/9/2015 8:33:14 AM","False"
"Jeffers, Michael","8/24/2015 9:17:53 AM","False"
"Jett, Angela","8/31/2015 9:02:52 AM","False"
"Johnides, Tim","7/27/2015 8:33:07 AM","False"
"Johnson, Cindy","9/14/2015 5:28:00 PM","False"
"Johnson, Joel","3/24/2014 5:31:02 PM","False"
"Johnson, Tamika","8/17/2015 8:18:43 AM","False"
"Johnston, Starla","9/21/2015 9:32:35 AM","False"
"Joiner, Beverly","8/31/2015 11:26:01 AM","False"
"Jones, Krista","9/8/2015 9:40:09 AM","False"
"Jordin Stoltz","8/17/2015 3:31:37 PM","False"
"Joseph, Shelby","9/2/2015 8:24:59 AM","False"
"Joshi, Brijesh","9/8/2015 6:38:20 PM","False"
"Joubert, Wayne","8/5/2015 7:20:58 AM","False"
"Journal Mailbox","4/11/2012 12:21:47 AM","False"
"Journal Mailbox","10/13/2010 2:49:21 PM","True"
"JSS Administrator","1/26/2015 4:57:05 PM","True"
"JSS Install","9/16/2015 9:10:10 AM","True"
"jtest","8/4/2014 1:21:14 PM","True"
"Juanengo, Ernesto",,"False"
"Jung, Scott","7/10/2015 12:02:40 PM","False"
"K2 SVC","12/12/2014 2:36:26 PM","True"
"K2TestUser","8/12/2015 3:29:24 PM","False"
"Kaelin, Mark","7/31/2015 9:35:09 AM","False"
"Kane, Tiffany","8/19/2015 8:27:56 AM","False"
"Kapuya, Jean-Paul","8/24/2015 9:36:21 AM","False"
"Karithanam, George","8/27/2015 3:52:30 PM","False"
"Karpovets, Yaroslav",,"False"
"Karr, Danny","8/26/2015 8:54:02 AM","False"
"Kasten, Kyle","8/4/2015 9:19:32 AM","False"
"Kayiwa, Kim",,"False"
"Keeler, James","7/15/2015 9:43:17 AM","False"
"Keener, Annette","9/21/2015 8:59:34 AM","False"
"Keeney, Mark","8/10/2015 9:17:35 AM","False"
"Keith, Maibeth","9/21/2015 9:46:06 AM","False"
"Keith, Perry","9/3/2015 9:15:41 AM","False"
"Kelsey, Claudia","7/22/2015 8:57:35 AM","False"
"Kennedy, Kathleen","9/17/2015 5:25:13 PM","False"
"Kern, Brian","5/23/2014 6:00:15 PM","False"
"Kessler, Karen","7/29/2015 12:32:01 PM","False"
"Kethar, Ashu","8/13/2015 3:01:01 PM","False"
"Khera, Priyanka",,"False"
"Kimichik, Joseph","8/24/2015 7:50:31 AM","False"
"King, Tonia","8/25/2015 8:38:36 AM","False"
"Kirk, DOug","9/22/2015 11:02:59 PM","False"
"Klaus, Kathryn","5/23/2014 6:00:15 PM","False"
"Klawitter, Christine","8/31/2015 9:29:50 AM","False"
"Knickerbocker, Andrew","9/14/2015 7:58:55 AM","False"
"Knight, Christy","8/26/2015 8:29:34 AM","False"
"Ko, Corbin",,"False"
"Kodeski, John","7/17/2015 1:24:31 PM","False"
"Kosanovic, Lisa","8/3/2015 10:22:30 AM","False"
"Kravik, Kerry","7/27/2015 7:56:08 AM","False"
"krbtgt","7/9/2010 11:44:58 AM","False"
"Kreis, Kirk","7/14/2015 10:54:40 AM","False"
"Kreul, Sally","7/6/2015 8:29:32 AM","False"
"Kus, Julie","7/9/2015 11:23:50 AM","False"
"Lane, Andrew",,"False"
"Langan, Thomas","8/21/2015 11:15:42 AM","False"
"Langford, Libby","8/24/2015 10:02:23 AM","False"
"Lanier, LaRonda","9/14/2015 8:10:03 AM","False"
"Las Vegas Fax General","2/27/2013 10:23:23 AM","False"
"Las Vegas Forms","3/20/2013 11:22:49 AM","False"
"Las Vegas Info","3/20/2013 11:22:12 AM","False"
"Las Vegas UW","7/8/2014 3:27:16 PM","True"
"Lawter, Kim","8/19/2015 9:25:37 AM","False"
"LawyerCare Claims Intake",,"False"
"LawyerCare Credentialing","9/5/2014 10:40:35 AM","False"
"LawyerCare Service","8/30/2015 10:43:04 AM","True"
"LawyerCareMGAUW","9/23/2008 10:55:58 AM","True"
"LC FNOL","9/16/2014 2:36:46 PM","False"
"LC Oasis Changes","9/16/2014 2:35:45 PM","False"
"lcapps","11/15/2011 3:16:28 PM","False"
"LCLPRF","1/13/2015 9:57:52 AM","False"
"LCS Newsletter",,"False"
"Le, Debbie","9/16/2015 4:57:29 PM","False"
"Lefever, Andrew","7/13/2015 4:20:19 PM","False"
"legalcompliance","1/25/2010 4:20:44 PM","True"
"Lehmann, Chris","8/31/2015 9:37:39 AM","False"
"Lemaire, Alechia",,"False"
"Leonard, Monika","8/27/2015 4:03:38 PM","False"
"LePochat, Maureen",,"False"
"Lewis, Tonya","9/8/2015 1:47:54 PM","False"
"Lidel, Lea","9/3/2015 11:43:04 AM","False"
"Lifesize Manager","2/14/2014 5:17:09 PM","False"
"Lifesize Test","3/14/2008 2:20:41 PM","True"
"Lightfoot, Mark","7/13/2015 1:13:49 PM","False"
"Likens, Karen","8/4/2015 3:12:09 PM","False"
"Liliac, Daniel","9/14/2015 9:25:05 AM","False"
"Lillard, Dana","10/29/2014 10:40:47 AM","False"
"Lindsay, Tiffany","5/23/2014 6:00:16 PM","False"
"Lisenby, Jeff","8/6/2015 10:59:28 AM","False"
"Lisle Mail","3/14/2006 10:09:02 AM","False"
"Listwan, William","9/25/2015 1:51:09 PM","False"
"Little, Alyson",,"False"
"Littleworth, Michael","7/27/2015 10:09:49 AM","False"
"Livezey, Linda","6/22/2015 7:57:16 AM","False"
"Livingston, Spencer","3/9/2015 11:16:01 AM","False"
"Llenes, Ray","3/10/2014 1:32:48 PM","False"
"Logan, Nick","7/13/2015 9:41:00 AM","False"
"LossRunClaimHistory","4/22/2009 2:28:29 PM","True"
"Loucks, Charles","7/20/2015 11:32:23 AM","False"
"Louisville Fax","11/22/2004 2:16:19 PM","True"
"Love, Terri","7/20/2015 8:19:22 AM","False"
"Lovvorn, Claudette","9/3/2015 4:39:02 PM","False"
"Lovvorn, Kay","7/20/2015 8:54:06 AM","False"
"Lownik, Tom","11/10/2014 8:33:30 AM","False"
"Lucas, Sheryl","7/27/2015 4:06:40 PM","False"
"Lynch-Tock, Roberta","8/24/2015 10:46:08 AM","False"
"Lytle, Kayleen","7/8/2015 9:04:22 AM","False"
"Ma, Sharon","1/12/2015 1:20:50 PM","False"
"Mack, Audrey","9/8/2015 1:03:00 PM","False"
"Macleod, Malcom","1/12/2015 1:25:08 PM","False"
"Maddox, Kay","9/1/2015 2:10:57 PM","False"
"Madison - Claims Intake","2/11/2008 10:58:56 AM","False"
"MadisonUW","2/17/2010 11:38:07 AM","True"
"Mailbox, Disabled","8/24/2001 12:02:46 PM","True"
"Malin, Ken","8/31/2015 11:08:36 AM","False"
"Mallars, Teresa","7/28/2015 11:42:00 AM","False"
"Management Server Action","7/25/2008 12:44:33 PM","True"
"Manchala, Girikiran","1/9/2014 11:40:58 AM","False"
"Manget, Jeff","8/26/2015 9:01:19 AM","False"
"Manley, Duncan","7/20/2015 4:48:20 PM","False"
"Mann, Ken","8/18/2015 7:34:04 AM","False"
"Manuel, Samantha","8/21/2015 7:58:49 AM","False"
"mapis","2/15/2006 4:32:18 PM","True"
"mapismodel","12/22/2000 3:49:04 PM","False"
"Marino, Matthew","8/28/2015 8:00:58 AM","False"
"Marsallo, Celene","9/28/2015 12:03:18 PM","False"
"Marshall, Jessica","9/28/2015 7:59:40 AM","False"
"Marshall, Kristine","8/14/2015 9:58:42 AM","False"
"Marszalek, Janet","9/14/2015 8:45:41 AM","False"
"Martin, Melissa","8/31/2015 9:03:18 AM","False"
"Martinez, Velia","7/7/2015 8:51:53 AM","False"
"Mary Todd Peterson","6/12/2014 3:58:01 PM","False"
"Mason, Lorraine","9/8/2015 9:37:15 AM","False"
"Massey, Brian","7/29/2015 9:30:58 AM","False"
"Massey, Frank","7/20/2015 8:58:26 AM","False"
"Massey, Kevin","9/21/2015 1:08:05 PM","False"
"Maurer, David","7/24/2015 9:14:19 AM","False"
"Maxbauer, Marge","7/10/2015 7:38:05 AM","False"
"Mayfield, DeAnna","8/17/2015 10:20:37 AM","False"
"McCarty, Jenna","9/8/2015 9:35:51 AM","False"
"McClelland, Hal","7/6/2015 8:54:31 AM","False"
"McConnell, Ellen","9/23/2015 8:35:48 AM","False"
"McCormick, Dillon","7/1/2015 8:06:34 AM","False"
"McCown, Charles",,"False"
"McEwen, Ken","7/20/2015 12:17:22 PM","False"
"McGannon, Michael","7/6/2015 9:06:58 AM","False"
"McGee, Maggie","9/21/2015 11:46:39 AM","False"
"McGowan, Kimberly","9/9/2015 3:31:57 PM","False"
"McGregor, Delano","8/3/2015 9:35:46 AM","False"
"McGuire, Tina S.","7/20/2015 8:15:37 AM","False"
"McKee, David","8/11/2015 1:05:46 PM","False"
"McKeever, Manya","8/31/2015 1:01:48 PM","False"
"McLeod, Gary","8/24/2015 11:23:27 AM","False"
"MCMarketing","1/30/2014 9:53:16 AM","False"
"McReynolds, Hollie","9/8/2015 8:39:22 AM","False"
"Means, Darren","7/31/2015 7:07:30 AM","False"
"Mechler, Kayci","8/14/2015 11:00:31 AM","False"
"Medamrc Marketing Campaign","5/23/2014 6:00:11 PM","False"
"MEDBAR","2/13/2015 10:54:40 AM","True"
"Medders, Brian","8/29/2014 1:03:55 PM","True"
"Medmarc Agent Licensing","5/23/2014 5:39:42 PM","False"
"Medmarc Applications","6/7/2014 8:26:56 PM","True"
"Medmarc Claim","6/21/2013 8:50:12 AM","False"
"Medmarc Claims Reporting","9/26/2014 9:45:37 AM","True"
"Medmarc Help Desk","6/9/2014 3:13:46 PM","False"
"Medmarc Indemnity Claims Reporting","11/3/2014 12:52:17 PM","False"
"Medmarc Internal Audit","5/23/2014 6:00:13 PM","False"
"Medmarc IOS Requests","6/7/2014 8:27:41 PM","True"
"Medmarc IR Email","5/23/2014 6:00:13 PM","False"
"Medmarc IRFax Email","6/7/2014 10:54:32 AM","True"
"Medmarc LawyerCare Claim Intake","7/28/2014 3:36:30 PM","True"
"Medmarc LawyerCare Claim Setup","7/28/2014 3:36:23 PM","True"
"Medmarc LawyerCare IR","6/8/2014 2:32:31 PM","True"
"Medmarc LawyerCare Support","8/4/2014 9:52:23 AM","True"
"Medmarc Life Sciences Support","6/11/2015 8:08:27 AM","False"
"Medmarc Loss Control","5/23/2014 6:00:17 PM","False"
"Medmarc Meetings and Greetings","5/23/2014 6:00:18 PM","False"
"Medmarc News","3/2/2015 11:57:14 AM","False"
"Medmarc Notifications","6/7/2014 10:55:13 AM","False"
"Medmarc Online Requests","6/7/2014 10:55:53 AM","False"
"Medmarc Premium Audits","5/23/2014 5:39:47 PM","False"
"Medmarc Products Liability Claims Billing Triage","1/13/2015 12:41:36 PM","False"
"Medmarc Products Liability Claims Support","1/14/2015 2:50:09 PM","True"
"Medmarc Protect","5/23/2014 6:00:17 PM","False"
"Medmarc Proxy","5/23/2014 6:00:18 PM","False"
"Medmarc Recruiting","5/23/2014 6:00:22 PM","False"
"Medmarc Regulatory Filings","5/23/2014 6:00:22 PM","False"
"Medmarc Regulatory Inquiries","5/23/2014 6:00:23 PM","False"
"Medmarc State Reporting","9/25/2014 3:50:31 PM","True"
"Medmarc Voided Checks","10/29/2014 1:26:24 PM","True"
"Medmarc Webinar","5/23/2014 6:00:27 PM","False"
"Medmarc WebMaster","5/23/2014 6:00:27 PM","False"
"Meehan, Joe","8/6/2015 11:57:29 AM","False"
"Meeting  User",,"False"
"Megaw, Katherine","12/7/2014 10:56:40 PM","False"
"Mehta, Keval","8/10/2015 11:26:36 AM","False"
"Melocik, Cynthia","5/21/2014 3:42:42 PM","False"
"Mendez, Jessica","8/3/2015 8:27:46 AM","False"
"Meneely, Jane","8/19/2015 8:01:04 AM","False"
"Merger Questions",,"False"
"Metaj, Gent",,"False"
"Meyer, Dan","9/23/2015 4:00:11 PM","False"
"Microsoft Schedule+ Free/Busy Connector (MAIBDC)",,"False"
"Mid-Continent Claims Fax",,"False"
"Mid-Continent Claims Intake","12/21/2009 10:36:29 AM","True"
"Mid-Continent FIC Submissions","12/21/2009 10:20:19 AM","True"
"Mid-Continent Houstons Submissions","12/21/2009 9:32:30 AM","True"
"Mid-Continent Loss Runs","3/15/2012 2:27:00 PM","False"
"Mid-Continent Marketing","12/21/2009 10:37:08 AM","True"
"MigrationWiz","6/12/2014 12:00:08 AM","False"
"Miller, Barbara","9/4/2015 9:06:05 AM","False"
"Miller, Erin","7/2/2014 11:16:06 AM","False"
"Miller, Lee","7/14/2015 9:34:06 AM","False"
"Milling, Jamie","8/17/2015 8:57:26 AM","False"
"Minor, Sandra","2/13/2015 3:38:43 PM","True"
"Miramar Fax","11/21/2001 2:04:40 PM","True"
"Miramar Sales and Marketing","7/7/2015 9:22:42 AM","False"
"MiramarUW","8/30/2015 10:42:57 AM","True"
"Mitchell, Valerie","5/23/2014 6:00:18 PM","False"
"Moak, Julia","5/23/2014 6:00:19 PM","False"
"Mols, Matthew","12/2/2014 11:21:26 AM","False"
"Money, Virginia","5/23/2014 6:00:19 PM","False"
"Montgolf, Lisa","7/8/2015 8:30:04 AM","False"
"Montreuil, Alex",,"False"
"Mooney, Peter","7/23/2015 10:08:45 AM","False"
"Moore, Carol","8/24/2015 9:33:00 AM","False"
"Moore, Charles","9/17/2015 9:09:09 AM","False"
"Moore, Sasha","7/27/2015 8:33:44 AM","False"
"Moppert, Phil","8/31/2015 1:15:04 PM","False"
"Morris, Laurie","9/11/2015 8:36:50 AM","False"
"Morrison, Doug",,"False"
"Morrow, Beth","8/10/2015 10:05:14 AM","False"
"Morse, Laura","9/1/2015 7:40:15 AM","False"
"Morton, Rick","3/30/2015 10:21:44 AM","False"
"Moseson, Carol","9/3/2015 7:56:28 PM","False"
"MRMA Newsletter","3/31/2008 2:46:22 PM","True"
"MSOL_AD_Sync","5/29/2015 1:24:39 PM","True"
"Mueller-Smith, Christy","7/7/2015 10:44:38 AM","False"
"Muhle, Lynette","7/6/2015 8:26:12 AM","False"
"Mulnix, Vanessa","8/10/2015 7:47:38 AM","False"
"Murdock, Justin","9/21/2015 9:46:44 AM","False"
"Murphy, April",,"False"
"Murphy, Karen","5/23/2014 6:00:19 PM","False"
"Myers, Blake","9/23/2015 9:13:13 AM","False"
"Myers, Sara","8/31/2015 9:55:47 AM","False"
"NAG","3/24/2004 12:26:50 PM","True"
"Naidenov, Iaroslav",,"False"
"Name Change","3/11/2009 4:34:06 PM","True"
"Naoroji, Caroline","5/23/2014 6:00:20 PM","False"
"Naperville Fax","11/29/2001 3:27:54 PM","True"
"Narayanarao, Varini","5/23/2014 6:00:20 PM","False"
"Natarajan, Sathiyalathashri","12/15/2014 12:02:09 PM","False"
"Nation, Robert",,"False"
"Navarro","10/3/2007 5:43:04 PM","False"
"NCCI_Worksheets","11/14/2001 9:29:41 AM","True"
"Ncric Trials","12/2/2005 4:06:24 PM","True"
"Neeley, Brent","7/21/2015 4:52:22 PM","False"
"Negron, Millie","8/7/2015 7:35:11 AM","False"
"Nelms, Heather","9/8/2015 10:53:40 AM","False"
"Nelson, Brad","7/7/2015 3:37:36 PM","False"
"Neperud, Teresa","8/6/2015 9:00:05 AM","False"
"Nethaway, Julie","8/28/2015 7:25:06 AM","False"
"Neville, Katie","8/12/2015 9:00:35 AM","False"
"NG, Simon","7/8/2014 4:49:14 PM","False"
"Nickoles, Brian","7/27/2015 9:10:28 AM","False"
"Nides, Margaret","8/17/2015 8:16:07 AM","False"
"Niessl, Michael","3/10/2014 12:05:22 PM","False"
"Nieusma, Elizabeth","8/10/2015 7:48:02 AM","False"
"Nix, Rhonda","8/24/2015 8:18:44 AM","False"
"Nix, Scherri","7/13/2015 8:34:46 AM","False"
"Nodarse, Diana","8/12/2015 7:51:37 AM","False"
"Nolan, Michael",,"False"
"Nolte, Jimmie","5/13/2015 9:26:11 AM","False"
"Noojin, Jean","8/24/2015 12:02:15 PM","False"
"Nordman, Rachael","9/16/2015 2:03:11 PM","False"
"Notice First","2/4/2014 2:16:16 PM","True"
"Oasis Build","9/3/2015 2:55:54 PM","False"
"Oasis Changes","8/30/2015 10:42:50 AM","True"
"Oasis Claims Help","11/17/2005 3:14:46 PM","True"
"Oasis Email Account","10/30/2006 11:10:22 AM","True"
"OasisFax","7/16/2001 4:56:58 PM","True"
"OASISSYSADMIN","5/22/2015 4:42:41 PM","True"
"OASISUSER","5/22/2015 4:41:55 PM","True"
"Oberkirch, Pam","7/14/2015 9:54:47 AM","False"
"Oberman, Maureen","12/12/2014 10:14:23 AM","False"
"ObGynUW","6/28/2011 2:29:38 PM","True"
"O'Byrne, Anita","7/23/2015 8:37:14 AM","False"
"OctelVMD{33b76211-a317-4e09-ad73-5efd2ed6e32f}{MMVMD}","7/24/2007 6:46:47 PM","False"
"ODEN1","4/8/2004 10:41:26 AM","False"
"Odenwald, Emily","8/3/2015 7:56:21 AM","False"
"O'Doherty, Patrick","8/3/2015 8:07:30 AM","False"
"Ogle, Rebecca","9/21/2015 9:06:24 AM","False"
"Okemos Claims Sec Tasks","7/20/2005 10:46:34 AM","True"
"Okemos Fax","11/28/2001 5:50:06 PM","True"
"Okemos Seminar Fax","1/6/2005 3:42:18 PM","True"
"Okemos Trial Log","9/18/2007 8:13:10 AM","False"
"Okemos Video Conference Unit","1/10/2005 2:01:55 PM","True"
"OkemosUW","2/17/2010 11:39:56 AM","True"
"Oleinkov, Igor",,"False"
"O'Malley, Bill","7/13/2015 9:51:30 AM","False"
"Omura, Ann","7/30/2015 8:43:01 AM","False"
"O'Neal, Alicia","9/21/2015 10:16:42 AM","False"
"O'Neil, Frank","9/23/2015 7:58:25 AM","False"
"Operations Manager Administrator","8/16/2007 2:56:12 PM","True"
"Optimodel","9/25/2012 11:53:41 AM","True"
"O'Toole, Steve","7/26/2015 9:43:46 AM","False"
"Owen, John David","8/12/2015 3:09:42 PM","False"
"Oxner, Earle",,"False"
"Page, Erin","7/7/2015 7:52:06 AM","False"
"Palichat, Nicole","9/11/2015 5:43:18 PM","False"
"Pamplin, Jason",,"False"
"Pandemic Planning","1/2/2008 3:37:35 PM","True"
"Panek, Don","7/20/2015 1:25:58 PM","False"
"Patil, Kiran","8/26/2015 9:45:54 AM","False"
"Patrick, Chad","9/2/2015 11:34:19 AM","False"
"Peace, Sunnye","9/10/2015 8:02:52 AM","False"
"Peacock, Heather","9/4/2013 2:49:52 PM","False"
"Pela, Emil","7/2/2015 10:34:24 AM","False"
"Pender, Amanda","8/3/2015 9:40:43 AM","False"
"Pepin, Laura","12/31/2013 10:52:29 AM","False"
"Perkins, Karen","8/4/2015 10:20:08 AM","False"
"perseus-efm","1/4/2007 2:09:36 PM","True"
"Personnel Fax",,"False"
"Personnel Test","8/16/2006 11:34:29 AM","True"
"Peterman, Michael","7/24/2015 8:29:35 AM","False"
"Peterson, Mary Todd",,"False"
"Phelps, Tom","8/12/2015 3:04:06 PM","False"
"Phillips, Deborah","8/17/2015 3:52:51 PM","False"
"Phillips, Jeffrey","7/27/2015 8:06:21 AM","False"
"Phillips, Kathalene","5/15/2013 1:40:18 PM","False"
"Phillips, Maegan","11/4/2013 12:16:28 PM","False"
"PICA_NT$","9/26/2015 2:43:13 AM","False"
"PicaCL","9/29/2010 8:54:01 AM","False"
"PicaUW","12/20/2010 9:59:11 AM","False"
"Pickett, Lori","7/16/2015 10:10:04 AM","False"
"Pierce, Holly","9/10/2015 7:23:12 AM","False"
"Pierce, Patricia Ann","8/11/2015 9:34:21 AM","False"
"Pillay, Gervasse","7/20/2015 11:08:25 AM","False"
"Pindar, Robert","8/5/2015 2:49:56 PM","False"
"Pitts, Kim","9/9/2015 9:14:52 AM","False"
"Plugge, Rhett","7/20/2015 9:55:15 AM","False"
"Plunkett, Amanda","9/2/2015 3:26:11 PM","False"
"Policy Contact","8/23/2010 12:39:52 PM","True"
"PolicyContactInfo","12/23/2009 11:52:04 AM","True"
"PolicyServices PICA","6/13/2014 4:43:28 PM","False"
"Polston, Corinna","8/31/2015 7:35:14 AM","False"
"Pongetti, Lynn","7/13/2015 8:24:32 AM","False"
"Poole, Whitney","7/10/2015 8:27:39 AM","False"
"Poore, Russell","9/28/2015 9:47:54 AM","False"
"Pope, Lee","9/28/2015 9:15:36 AM","False"
"PostMaster","1/8/2002 4:32:44 PM","True"
"Potosky, Jason","11/20/2014 10:18:32 AM","False"
"Powell, Kevin","8/24/2015 9:58:10 AM","False"
"PRA Distribution","6/29/2007 11:57:17 AM","True"
"PRA Fax","7/12/2012 12:05:57 PM","False"
"PRA Services","2/15/2008 9:36:47 AM","False"
"Praschl, Viktoria","4/16/2015 9:51:05 AM","False"
"PRASpecialtyUW","8/26/2011 11:26:51 AM","True"
"Presido Assessment","10/14/2014 10:35:43 AM","True"
"Preston, Gina","7/27/2015 9:35:33 AM","False"
"Price, Adam","8/27/2015 9:24:56 AM","False"
"Prime, Chris","9/10/2015 10:55:09 AM","False"
"proaac","9/26/2012 10:25:43 AM","True"
"ProAssurance Accounts Payable","4/23/2014 3:35:13 PM","False"
"ProAssurance Fax","10/2/2003 4:05:35 PM","True"
"ProAssurance Information Systems",,"False"
"ProAssurance Ob-Gyn Closed Claim Sessions","5/14/2012 12:03:40 PM","False"
"ProAssurance Risk Management Department","12/22/2008 5:21:41 PM","True"
"probackup","12/16/2002 5:54:48 PM","True"
"procag","9/26/2012 8:55:43 AM","True"
"PRO-EMAIL - Enterprise Vault System","8/24/2006 8:23:26 AM","True"
"PRO-EMAILMOM",,"True"
"PRO-EMAIL-UTILMOM",,"True"
"pro-evault","5/16/2006 11:12:39 AM","True"
"pro-ev-exmb1","10/14/2010 4:38:08 PM","True"
"pro-ev-exmb2","3/5/2015 1:22:33 PM","False"
"pro-ev-okemb1","11/12/2010 10:56:03 AM","True"
"Profax","4/2/2003 12:18:21 PM","True"
"Promarc Insure","6/7/2014 8:28:32 PM","False"
"Promodag","10/20/2014 10:23:31 AM","True"
"Pugh-Owens, Kristina","7/14/2015 8:48:09 AM","False"
"Purdy, Val","8/12/2015 9:05:26 AM","False"
"Purkey, Melanie","9/21/2015 7:35:33 AM","False"
"Pursifull, Julia","8/25/2015 9:11:14 AM","False"
"Putnam, Kelli","9/14/2015 8:29:52 AM","False"
"Qualkinbush, Sandy","7/13/2015 8:07:04 AM","False"
"Quigley, Jim","8/18/2015 1:56:01 PM","False"
"Quintana, Alexandra","9/28/2015 9:15:39 AM","False"
"Rachner, Dawn","12/3/2014 8:35:21 AM","False"
"Radford, Brenton","7/13/2015 8:08:11 AM","False"
"Raheja, Vivek","9/2/2015 6:30:15 PM","False"
"Raj, Jayant","12/16/2013 12:20:07 PM","False"
"Rand, Edward","9/21/2015 10:13:55 AM","False"
"Randle, Jeff","8/3/2015 9:21:00 AM","False"
"Rapp, Matthias",,"False"
"Rash, Natalie","8/24/2015 7:42:59 AM","False"
"Ratcliff, Christy","8/14/2015 8:37:12 AM","False"
"Reacct","9/25/2012 12:03:47 PM","True"
"Reacct2","8/31/2015 11:44:33 AM","False"
"Reacct3","9/5/2013 2:17:41 PM","True"
"Reacct4","9/5/2013 2:23:35 PM","True"
"Receptionist - Birmingham","7/2/2001 3:33:58 PM","False"
"Receptionist - Cleveland","5/17/2008 2:39:03 PM","True"
"Receptionist - Columbus","7/29/2008 10:15:34 AM","True"
"Receptionist - Fayetteville","6/30/2009 4:34:00 PM","True"
"Receptionist - Indianapolis","7/29/2008 10:16:48 AM","True"
"Receptionist - Lisle","7/7/2008 2:02:07 PM","False"
"Receptionist - Louisville","9/20/2007 2:38:12 PM","False"
"Receptionist - Madison","2/11/2008 10:57:15 AM","False"
"Receptionist - Miramar","6/17/2008 9:12:22 AM","True"
"Receptionist - Mobile","9/4/2007 3:40:06 PM","True"
"Receptionist - Okemos","8/24/2007 8:47:35 AM","True"
"Receptionist - Richmond","5/28/2008 3:17:11 PM","True"
"Receptionist - Springfield","9/28/2007 8:45:27 AM","False"
"Receptionist - Tampa","6/17/2008 9:11:34 AM","True"
"Receptionist - Washington","7/29/2008 10:17:34 AM","True"
"Reinsurance Department","11/9/2006 4:40:39 PM","True"
"Render, Clifton","9/9/2015 10:37:12 AM","False"
"Renewal Apps","8/31/2015 8:47:47 AM","True"
"Reynolds, Mike","8/18/2015 8:15:15 AM","False"
"Rhodes, Laurne","7/16/2015 9:23:58 AM","False"
"Rich, Dan","12/23/2014 9:34:37 AM","False"
"Rikala, John",,"False"
"Ring, Sharon","9/10/2015 8:58:36 AM","False"
"Risk Advisor","7/21/2014 3:20:59 PM","False"
"Risk BHM Calendar","3/31/2009 4:34:12 PM","True"
"Risk Management Calendar","1/4/2006 12:28:41 PM","True"
"Risk Management Okemos Voicemail","10/16/2008 3:33:03 PM","False"
"Risk Resource","11/5/2007 4:26:03 PM","False"
"Risk Resource Seminar Emails","10/17/2014 12:51:22 PM","False"
"Rivera, Michele","9/21/2015 8:32:51 AM","False"
"Roberts, Leslie","8/18/2015 1:24:01 PM","False"
"Roberts, Russell","9/25/2015 11:40:41 AM","False"
"Rockey, Tammi","7/6/2015 8:22:04 AM","False"
"Rockweiler, Erin","7/6/2015 9:51:03 AM","False"
"Rodenbur, Renee","8/24/2015 9:39:56 AM","False"
"Rodriguez, Charles","9/3/2015 10:59:49 AM","False"
"Rodriguez, Sandra","8/6/2015 8:29:56 AM","False"
"Rogers, Chris","2/19/2015 5:51:06 AM","False"
"Rogers, Julie","8/12/2015 10:04:28 AM","False"
"Room-AUS-Lone Star Board Room","2/8/2012 4:08:42 PM","True"
"Room-BHM-Accounting Small","2/27/2013 2:43:00 PM","True"
"Room-BHM-Admin/Small","6/1/2004 4:13:53 PM","True"
"Room-BHM-Aerobic","7/2/2013 9:51:49 AM","True"
"Room-BHM-InfoSys 1",,"False"
"Room-BHM-IS Project","2/27/2013 3:13:30 PM","True"
"Room-BHM-IS Training","2/5/2004 10:41:24 AM","True"
"Room-BHM-Operations","6/4/2012 12:22:05 PM","True"
"Room-BHM-Risk Management","7/13/2010 4:31:46 PM","True"
"Room-BHM-Service Center","6/4/2012 12:22:56 PM","True"
"Room-BHM-Service Center Small",,"False"
"Room-CAR-BoardRm","5/15/2015 3:43:37 PM","True"
"Room-CAR-TrainingRmA","3/20/2015 4:48:03 PM","True"
"Room-CAR-TrainingRmC","3/20/2015 4:49:33 PM","True"
"Room-CHA-Montpelier","5/23/2014 6:00:19 PM","False"
"Room-CHA-Vergennes","5/23/2014 6:00:26 PM","False"
"Room-LAN-2ndFlConfRm","3/20/2015 4:51:15 PM","True"
"Room-LAN-TrainigRmA","5/15/2015 3:45:45 PM","True"
"Room-LAN-TrainingRmC","5/15/2015 3:47:39 PM","True"
"Room-LEM-ConfRm","3/20/2015 5:04:49 PM","True"
"Room-MAD-Boardroom","1/22/2008 5:26:21 PM","True"
"Room-MAD-Brand","1/22/2008 5:27:55 PM","True"
"Room-MAD-Cafeteria","1/22/2008 5:28:30 PM","True"
"Room-MAD-Flaherty","1/23/2008 10:25:10 AM","True"
"Room-MAD-Mayer","1/22/2008 5:30:53 PM","True"
"Room-MAD-Thayer","7/15/2011 9:38:23 AM","True"
"Room-MAD-Visitors","1/22/2008 5:33:58 PM","True"
"Room-MIR-Devil's Triangle","6/28/2001 4:23:17 PM","False"
"Room-MIR-Hurricane","6/28/2001 4:21:53 PM","False"
"Room-OKE-Alabama","12/10/2012 8:46:36 AM","True"
"Room-OKE-Boardroom",,"False"
"Room-OKE-Florida",,"False"
"Room-OKE-Indiana",,"False"
"Room-OKE-Ohio",,"False"
"Room-OKE-Pennsylvania","12/10/2012 8:49:31 AM","True"
"Room-OKE-Tennessee","12/10/2012 8:48:03 AM","True"
"RoomVC-AUS-Cap City Training","1/10/2012 4:31:45 PM","True"
"RoomVC-BHM-5th Floor","7/17/2008 10:40:57 AM","True"
"RoomVC-BHM-5th Floor Training","9/10/2013 10:43:30 AM","True"
"RoomVC-BHM-Accounting","3/14/2008 2:25:06 PM","True"
"RoomVC-BHM-Administration","9/26/2008 3:21:18 PM","True"
"RoomVC-BHM-Boardroom","3/14/2008 2:24:20 PM","True"
"RoomVC-BHM-Claims","4/2/2008 4:01:20 PM","True"
"RoomVC-BHM-Information Systems","9/26/2008 3:27:51 PM","True"
"RoomVC-BHM-Service Center Training","9/4/2012 3:19:16 PM","True"
"RoomVC-BHM-Underwriting","3/24/2008 3:46:29 PM","True"
"RoomVC-CAR","2/12/2015 4:03:13 PM","True"
"RoomVC-CHA-Barre","5/23/2014 5:53:23 PM","False"
"RoomVC-CHA-Montpelier","9/16/2015 12:35:42 PM","True"
"RoomVC-CHA-Rutland","6/13/2013 11:35:25 AM","True"
"RoomVC-Cleveland","6/5/2008 2:58:26 PM","True"
"RoomVC-Columbus","3/14/2008 2:22:13 PM","True"
"RoomVC-CTL-ConfRm","2/12/2015 4:05:40 PM","True"
"RoomVC-Dallas","2/12/2013 12:09:50 PM","True"
"RoomVC-FRA-Illini","2/13/2015 10:55:40 AM","True"
"RoomVC-FRA-Vols","2/27/2009 2:49:58 PM","True"
"RoomVC-GRA-ConfRm","2/12/2015 4:03:46 PM","True"
"RoomVC-Greenwich","6/26/2015 11:25:41 AM","True"
"RoomVC-Houston","12/15/2009 12:12:34 PM","True"
"RoomVC-Indianapolis","9/24/2008 11:26:22 AM","True"
"RoomVC-LAN-BoardRm","2/13/2015 10:55:04 AM","True"
"RoomVC-LAN-Mobile1","2/12/2015 11:51:26 AM","True"
"RoomVC-LAN-TrainingRmB","5/22/2015 4:04:29 PM","True"
"RoomVC-Las Vegas","4/18/2013 4:40:49 PM","True"
"RoomVC-LEM-BoardRm","2/12/2015 4:05:09 PM","True"
"RoomVC-MADMS-ConfRm","2/12/2015 4:04:27 PM","True"
"RoomVC-MAD-Training","9/30/2008 5:08:42 PM","True"
"RoomVC-MIR-Orange Bowl","3/14/2008 2:17:16 PM","True"
"RoomVC-Mobile","3/14/2008 2:22:55 PM","True"
"RoomVC-Naperville","5/15/2009 1:00:09 PM","True"
"RoomVC-OKE-Michigan","9/19/2008 9:50:57 AM","True"
"RoomVC-OKE-Training","12/11/2008 11:42:43 AM","True"
"RoomVC-Richmond","11/29/2012 10:25:28 AM","True"
"RoomVC-Springfield","9/26/2008 1:56:49 PM","True"
"RoomVC-Tampa","3/14/2008 2:18:38 PM","True"
"RoomVC-WEX-LgConfRm","2/12/2015 4:02:18 PM","True"
"RoomVC-WSH","9/23/2008 4:32:03 PM","True"
"Room-WEX-SmConfRm","3/20/2015 5:01:00 PM","True"
"Room-WSH-George Washington",,"False"
"Room-WSH-Martha Washington",,"False"
"Rosier, Ann","8/5/2015 4:48:51 PM","False"
"Rothman, Paul","6/26/2015 2:45:56 PM","False"
"Rouse, Luci","7/31/2015 8:42:15 AM","False"
"Royalton, Julie","9/9/2015 8:40:40 AM","False"
"rsa","3/26/2014 11:04:17 AM","True"
"RSVP","4/25/2012 12:56:49 PM","False"
"RtcService","8/27/2004 2:35:41 PM","True"
"Runyan, Nancy","7/7/2015 7:51:24 AM","False"
"Russell, Brian","9/11/2015 8:13:08 AM","False"
"Russell, Cheryl","8/10/2015 7:21:51 AM","False"
"Russell, Melody","8/19/2015 9:01:55 AM","False"
"Rutkowski, Terry","7/29/2015 7:15:36 AM","False"
"Rutland","5/23/2014 6:00:23 PM","False"
"Ryce, Michael","8/31/2015 12:01:21 PM","False"
"Sabin, Eric","8/10/2015 7:30:31 AM","False"
"Salzman, Laurette","9/22/2015 9:37:01 AM","False"
"Sanders, Tiffany","9/2/2015 9:29:13 AM","False"
"Santhakumar, Nisha","3/4/2014 12:44:41 PM","False"
"Satterfield, Catherine","7/7/2015 8:13:16 AM","False"
"Saunders, Ken","8/31/2015 9:00:34 AM","False"
"SCCM Service Account","1/13/2014 9:46:53 AM","True"
"Schaberg, Sheila","8/10/2015 11:59:55 AM","False"
"Schaller, William",,"False"
"Schambeau, Ruth","8/26/2015 9:17:49 AM","False"
"Scheeler, John","7/28/2015 8:23:28 AM","False"
"Scheib, Sarah","8/19/2015 8:55:21 AM","False"
"Schill, Jane","7/27/2015 8:58:54 AM","False"
"Schmidt, Diane","7/16/2015 7:45:52 AM","False"
"Schmidt, Marika","8/6/2015 9:50:43 AM","False"
"Schneider, Paul","7/25/2015 5:50:42 PM","False"
"Schroeder, Gail","7/29/2015 6:37:25 AM","False"
"SCRUM  Scheduling","4/2/2014 11:46:07 AM","True"
"SDK And Configuration Account","5/6/2008 10:50:59 AM","True"
"Search Service","8/16/2012 12:25:04 PM","True"
"Seitzman, Steve","8/27/2015 2:45:40 PM","False"
"Selph, Janise","8/14/2015 9:26:42 AM","False"
"Service Center Issues","10/8/2013 3:37:23 PM","False"
"Service SunReport","1/16/2014 11:20:41 AM","True"
"Service UC1","9/24/2015 5:10:30 PM","True"
"Severyn, Mike","7/14/2015 8:30:23 AM","False"
"Sexton, Robert","9/17/2015 11:09:16 AM","False"
"Seymour, Melissa","9/23/2015 1:38:23 PM","False"
"Shadix, Connie","9/4/2015 4:55:53 PM","False"
"ShareFile Service","10/24/2013 1:20:24 PM","True"
"Sharepoint Service Account","1/15/2007 11:50:29 AM","True"
"Sharepoint SQL Service Account","11/8/2012 11:53:47 AM","True"
"Sharepoint SQL User Account","7/31/2007 5:18:55 PM","True"
"Sharp, Chris","7/2/2014 11:18:44 AM","False"
"Shaw, Clay","8/6/2015 4:41:29 PM","False"
"Sheets, Jeanne","9/3/2015 9:39:17 AM","False"
"Shelburg, Mary","8/28/2015 3:52:07 PM","False"
"Sheppard, Gary",,"False"
"Shepperd, Judy","9/21/2015 9:46:25 AM","False"
"Shirley, Chance","8/24/2015 11:02:03 AM","False"
"Shirley, Erin","8/11/2015 2:23:28 PM","False"
"Shockley, Elizabeth","7/29/2015 8:35:07 AM","False"
"Shows, Stephen","7/16/2015 9:01:14 AM","False"
"Shrode, Daniel","5/22/2013 11:15:23 AM","False"
"Shults, Charles","9/14/2015 7:05:38 AM","False"
"Siebeck, Leslie","9/8/2015 8:39:09 AM","False"
"Simmons, Kelly","9/17/2015 9:46:41 AM","False"
"Sims, Tara","9/1/2015 9:02:02 AM","False"
"Siwak, Norbert","9/16/2015 11:24:59 AM","False"
"Skinner, Bracy","7/13/2015 8:04:15 AM","False"
"Smatlak, Marc","9/28/2015 8:06:49 AM","False"
"Smironov, Oleksandr",,"False"
"Smith, Jeffrey","2/13/2015 9:50:34 AM","False"
"Smith, Jody","7/24/2015 10:03:50 AM","False"
"Smith, Leslie","9/28/2015 11:05:48 AM","False"
"Smith, Rachel","8/12/2015 7:50:01 AM","False"
"Smith, Steve","8/14/2015 9:24:33 AM","False"
"SMSAdmin","8/5/2002 3:34:23 PM","True"
"SMSClient_MCH","2/17/2004 11:20:07 AM","True"
"SMSClient_MIA","4/20/2004 5:00:22 PM","True"
"SMSClient_WSH","8/24/2005 2:08:18 PM","True"
"SMSClientHealth","1/11/2005 12:29:03 PM","True"
"SMSInstall","1/20/2003 12:51:26 PM","True"
"SMSProvider_BHM","5/22/2003 6:25:18 PM","True"
"SMSServer_MCH","2/17/2004 11:18:12 AM","True"
"SMSServer_MIA","6/15/2005 2:02:37 PM","True"
"SMSServer_WSH","8/24/2005 2:05:56 PM","True"
"SMSSvc_PRA_0001","3/1/2004 8:29:47 AM","True"
"SMTP Gateway","7/12/2012 12:04:38 PM","False"
"Snipes, Jay","9/27/2015 10:57:50 AM","False"
"Snow, Austin","9/9/2015 4:04:44 PM","False"
"Snyder, Lisa","7/31/2015 7:47:55 AM","False"
"So, Andrew","5/23/2014 6:00:24 PM","False"
"SP_Search","1/8/2013 5:30:00 PM","True"
"SPAdmin","9/28/2015 8:11:30 AM","True"
"spam help","6/9/2009 11:04:45 AM","True"
"Sparks, Elaine","9/17/2015 2:26:29 PM","False"
"Sparks, Rod","9/28/2015 7:42:19 AM","False"
"SPCacheadm","10/11/2011 2:39:27 PM","True"
"SPCacherd","10/11/2011 2:40:01 PM","True"
"SPCrawl","9/7/2015 3:02:22 AM","True"
"Speakman, Cathie","5/23/2014 6:00:24 PM","False"
"Spicer, Heather","8/27/2015 11:56:31 AM","False"
"Spindler, Stephanie","7/6/2015 8:27:15 AM","False"
"Spinks, Sharon","9/14/2015 9:05:37 AM","False"
"SPInstall","10/11/2011 2:33:13 PM","False"
"SPmysite","10/11/2011 2:36:48 PM","True"
"SPProfile","10/30/2012 3:34:47 PM","True"
"Springfield Fax","11/21/2001 2:01:57 PM","True"
"SpringfieldUW","2/17/2010 11:40:16 AM","True"
"Spruill, Patricia","7/17/2015 7:49:40 AM","False"
"SPWebAnalytics","8/20/2012 4:24:16 PM","True"
"SQL Agent Master","9/11/2006 3:47:42 PM","True"
"Srinivasa, Rajesh","8/26/2015 9:51:50 AM","False"
"SRV CMO","1/9/2014 5:13:07 PM","True"
"SSP App Pool","8/2/2007 9:53:20 AM","True"
"Starnes, Stan","9/21/2015 8:52:57 AM","False"
"Stell, April","9/28/2015 8:43:30 AM","False"
"Stephis, Dianna","5/23/2014 6:00:24 PM","False"
"Sternberg, Tammy","8/31/2015 10:02:38 AM","False"
"stest","4/25/2012 10:20:55 AM","True"
"Stevens, Courtney","5/23/2014 6:00:24 PM","False"
"Stewart, Glenn","9/24/2015 5:21:01 PM","False"
"Stewart, Richard","7/14/2015 8:23:00 PM","False"
"Stockwell, Fran",,"False"
"Stoeckert, Michael","9/10/2015 12:15:15 PM","False"
"Stoll, Karon","9/21/2015 5:09:18 PM","False"
"Stone, Trish","5/23/2014 6:00:25 PM","False"
"Storey, Alicia","8/3/2015 10:09:07 AM","False"
"Stracener, Haley","9/23/2015 8:42:02 AM","False"
"Strong, James","7/20/2015 9:20:26 AM","False"
"Stroud, Jeff","5/23/2014 6:00:25 PM","False"
"Styles, Betsy","9/17/2015 10:52:45 AM","False"
"Submissions","8/30/2015 6:17:13 PM","True"
"Subramanyam, Ashwini","7/27/2015 9:50:26 AM","False"
"Sukheja, Kanchan","4/28/2015 3:59:22 PM","False"
"Sulaski, Paul","9/17/2015 8:56:52 AM","False"
"Sullivan, Julie","9/8/2015 7:34:29 AM","False"
"sunconsultant1","7/16/2012 11:12:36 AM","True"
"SUPPORT_388945a0","5/18/2004 8:29:58 PM","True"
"Suzanne Epperson","5/21/2014 9:28:44 AM","False"
"SVC Presido AD","4/23/2015 11:06:55 AM","True"
"SVC TM1","6/26/2015 4:25:37 PM","True"
"svc Uptivity","7/8/2014 10:37:57 AM","True"
"svc_SEE_ADsync","2/13/2013 6:35:48 PM","True"
"svc_SEE_IIS","2/13/2013 6:41:14 PM","True"
"svc_SEEMSDb_admin","2/14/2013 9:01:48 AM","True"
"svcADFS","11/16/2011 10:20:52 AM","True"
"svc-aus-busobj","4/7/2011 11:01:24 AM","True"
"svc-Avepoint","11/28/2011 2:33:17 PM","True"
"svcBiscomFax","10/25/2012 12:41:47 PM","True"
"svcBpmDev","6/16/2015 10:02:29 AM","True"
"svcBpmModel","6/16/2015 10:09:46 AM","True"
"svcBpmProd","6/16/2015 10:10:40 AM","True"
"svc-cherwell","10/3/2014 1:50:49 PM","True"
"svc-cherwellmedmarc",,"False"
"svc-citrix","5/2/2008 11:20:28 AM","True"
"svc-citrix-db","8/16/2010 4:24:25 PM","False"
"svcCompliance","2/19/2008 11:19:15 AM","True"
"svcCRMappmod","8/25/2015 3:02:43 PM","True"
"svcCRMappprod","3/30/2015 11:24:33 AM","True"
"svcCRMdev","3/7/2013 9:38:00 AM","True"
"svcCRMreportingmod","8/20/2015 11:54:00 AM","True"
"svcCRMreportingprod","8/18/2015 1:43:57 PM","True"
"svcCRMsbxdev","7/9/2015 2:01:03 PM","True"
"svcCRMsbxmod","8/25/2015 3:02:58 PM","True"
"svcCRMsbxprod","7/9/2015 1:58:10 PM","True"
"svcCRMsetupmod","8/25/2015 2:21:28 PM","True"
"svcCRMsetupprod","8/18/2015 1:42:38 PM","True"
"svcCtxXenApp","10/29/2012 10:52:06 AM","True"
"svcDocConverter","4/19/2007 5:23:50 PM","True"
"svcDRvCenter","4/18/2013 10:17:20 AM","True"
"svc-ecopy","11/16/2012 3:01:13 PM","True"
"svcEDWagent","9/1/2015 3:59:09 PM","True"
"svcEDWservice","9/1/2015 3:58:57 PM","True"
"svcEDWssis","9/1/2015 3:59:48 PM","True"
"svcFIMInstall","10/14/2014 11:59:42 AM","True"
"svcFimSync","8/5/2014 3:34:16 PM","True"
"SVC-FSAE","5/16/2011 9:56:16 AM","True"
"svc-GoodAdmin","8/6/2015 9:07:42 AM","True"
"svc-GoodAdminGMC","6/25/2010 3:55:57 PM","True"
"svcHouAutomated","11/29/2012 10:45:13 AM","True"
"svcHPDEV","1/29/2013 10:17:30 AM","True"
"svcHPProd","5/27/2015 8:05:48 AM","True"
"svcHPSA","5/5/2013 3:34:28 PM","True"
"svc-ignite","2/20/2012 5:13:43 PM","True"
"svcInforModelManager","12/18/2007 11:40:10 AM","True"
"svcK2Notify","8/7/2015 3:11:28 PM","True"
"svcK2Web","8/7/2015 3:12:04 PM","True"
"svc-ldap","10/24/2011 11:32:05 AM","True"
"svc-lifesize","2/14/2014 3:37:24 PM","True"
"svc-LifeSizeControl","1/20/2011 12:02:26 PM","True"
"svcMidContinent","9/17/2009 11:32:19 AM","True"
"svcmodev","7/30/2014 1:24:03 PM","True"
"svc-nas","10/23/2008 5:15:49 PM","True"
"svc-nexpose","3/13/2013 9:16:45 AM","True"
"svcOasisData","5/1/2015 2:27:16 PM","True"
"svc-OasisDistribution","9/21/2010 12:17:13 PM","True"
"svc-onelogin","3/6/2015 1:16:11 PM","True"
"svc-orch","3/20/2015 10:18:08 AM","True"
"svc-paloalto","10/1/2013 2:29:18 PM","True"
"svc-PGP","9/25/2012 11:56:46 AM","True"
"svcPraBI","4/11/2008 9:26:39 AM","True"
"svcPraCrmSearchDev","8/11/2015 2:41:23 PM","True"
"svcPraCrmSearchModel","8/11/2015 2:42:30 PM","True"
"svcPraCrmSearchProd","8/11/2015 2:43:48 PM","True"
"svcPraVisibilityDev","8/11/2015 2:44:35 PM","True"
"svcPraVisibilityModel","8/11/2015 2:45:17 PM","True"
"svcPraVisibilityProd","8/11/2015 2:46:14 PM","True"
"svcProBI","8/24/2010 11:38:36 AM","True"
"svcProSQLAppAgent","12/20/2007 3:00:56 PM","True"
"svc-qmm-rum","6/24/2015 3:53:22 PM","False"
"svcRiskMgmtApp","9/18/2009 4:17:39 PM","True"
"svc-sccm-pgp","5/28/2014 11:01:17 AM","True"
"svcShare","3/16/2007 2:57:29 PM","True"
"svc-sharefile","3/7/2013 8:52:03 AM","True"
"svcSME","12/6/2011 3:04:34 PM","True"
"svcSP13Admin","11/5/2014 4:10:32 PM","True"
"svcSP13AppPool","2/4/2015 3:51:53 PM","True"
"svcSP13CacheSR","11/5/2014 4:09:17 PM","True"
"svcSP13CacheSU","11/5/2014 4:09:29 PM","True"
"svcSP13ExcelUser","11/5/2014 4:10:53 PM","True"
"svcSP13Farm","2/4/2015 4:17:04 PM","True"
"svcSP13MySiteAppPool","11/5/2014 4:09:41 PM","True"
"svcSP13PerfPointUser","11/5/2014 4:11:15 PM","True"
"svcSP13Profiles","11/5/2014 4:09:54 PM","True"
"svcSP13ProfileSync","11/5/2014 4:10:43 PM","True"
"svcSP13ProjectServer","11/5/2014 4:11:30 PM","True"
"svcSP13Search","11/5/2014 4:10:08 PM","True"
"svcSP13SearchContent","11/5/2014 4:10:19 PM","True"
"svcSP13Services","11/5/2014 4:08:55 PM","True"
"svcSP13VisioUser","11/5/2014 4:11:05 PM","True"
"svc-SP2007SSO","8/16/2012 8:52:02 AM","True"
"svcSP2010","10/11/2011 2:41:02 PM","True"
"svcSP2010Search","10/11/2011 2:41:14 PM","True"
"svcSP2010Timer","10/7/2011 3:04:02 AM","True"
"svcSPAppPool","10/11/2011 2:35:42 PM","True"
"svc-sqlsvr","5/31/2013 9:49:46 AM","True"
"svcSunDB","4/23/2012 9:48:47 AM","True"
"svcSunRpt","6/1/2012 3:18:52 PM","True"
"svc-taske","8/2/2012 10:24:54 AM","True"
"svcTFS","9/23/2015 3:43:04 PM","True"
"svcTFS2015","7/15/2015 9:07:35 AM","True"
"svcTFSBuild","7/24/2013 10:44:48 AM","True"
"svcTFSBuild2015","7/15/2015 9:07:50 AM","True"
"svcTFSReport","9/23/2015 3:41:51 PM","True"
"svcTFSReport2015","9/9/2015 3:09:56 PM","True"
"svc-TriGeo","11/4/2010 9:28:28 AM","True"
"svcvCenter","5/31/2013 3:20:07 PM","True"
"svcVMware","10/21/2010 12:03:54 PM","True"
"svc-vranger","3/4/2011 3:39:18 PM","True"
"svc-web","6/6/2014 10:24:35 AM","True"
"svc-web-financial","12/28/2011 3:52:53 PM","True"
"svcWebLogic","7/29/2015 3:58:02 PM","True"
"SvcWebService","6/6/2011 12:47:57 PM","True"
"svc-xen","9/2/2009 11:57:46 AM","True"
"svc-xenmerch","6/15/2010 2:53:34 PM","True"
"Swenson, Erik","8/3/2015 9:34:08 AM","False"
"Swenson, Wanda","9/21/2015 9:01:34 AM","False"
"Swindle, Emily","8/3/2015 11:02:08 AM","False"
"Swink, Steven","7/15/2015 12:18:16 PM","False"
"Symantec Endpoint Protection Manager","9/3/2015 10:05:32 AM","True"
"sysprep","6/20/2012 2:33:37 PM","True"
"SystemMailbox{19E5B83D-10A9-473A-A45C-3BF5FC0DD1DE}","3/5/2008 2:21:07 PM","False"
"SystemMailbox{1f05a927-7dd1-49b0-99ee-13f27db5ed73}",,"False"
"SystemMailbox{e0dc1c29-89c3-4034-b678-e6c29d823ed9}",,"False"
"Szymborski, Beth","9/17/2015 9:07:06 AM","False"
"TakeTheChallenge","11/14/2013 4:11:42 PM","False"
"Talbert, Harry","8/6/2015 5:45:59 PM","False"
"Talley, Sandy","8/11/2015 10:10:29 AM","False"
"Tampa Fax","11/29/2001 3:28:29 PM","True"
"Taubman, Ross","8/31/2015 8:59:57 AM","False"
"Taylor, Kathy","7/6/2015 8:48:22 AM","False"
"Taylor, Vickie","6/29/2015 9:09:23 AM","False"
"Teekah, Mohanram","6/12/2015 2:01:21 PM","False"
"Telioukova, Tatiana","8/31/2015 3:49:24 PM","False"
"Tennyson, James",,"False"
"Terry, Lisa","7/31/2015 8:38:24 AM","False"
"Test john","5/6/2013 12:54:43 PM","False"
"Test, Ctx","8/5/2015 1:49:34 PM","True"
"Test, George","7/2/2015 8:51:47 AM","False"
"TestClaimsMailImport",,"False"
"TestDEFFIRM09",,"False"
"TestFNOL",,"False"
"TestLCService",,"False"
"TestMiramarUW",,"False"
"TestOasisChanges",,"False"
"TestRenewalApps",,"False"
"Thomas, Cynthia","8/24/2015 12:47:40 PM","False"
"Thomas, Darryl","9/4/2015 9:38:35 AM","False"
"Thomas, Felicia","7/15/2015 7:26:35 AM","False"
"Thomas, Jiffy","11/11/2014 5:46:12 PM","False"
"Thompson, Heather","5/23/2014 6:00:25 PM","False"
"Thompson, Janice","8/14/2015 7:34:13 AM","False"
"Thompson, William","9/3/2013 9:24:51 AM","False"
"Throckmorton, Joshua","8/5/2015 9:41:18 AM","False"
"Tishaw, Mitchell","7/23/2015 11:02:11 AM","False"
"TMS XE","1/12/2015 3:23:01 PM","True"
"Tooker, Teresa","8/6/2015 8:10:10 AM","False"
"Torres, Marisol","8/6/2015 11:57:40 AM","False"
"Trackit-PR","7/23/2008 3:41:19 PM","False"
"train1","7/24/2015 4:47:42 PM","False"
"train10","7/24/2015 4:48:01 PM","False"
"train11","7/24/2015 4:48:08 PM","False"
"train12","7/24/2015 4:48:15 PM","False"
"train13","7/24/2015 4:48:23 PM","False"
"train14","7/24/2015 4:48:32 PM","False"
"train15","7/24/2015 4:48:39 PM","False"
"train16","7/28/2014 10:02:30 AM","False"
"train17","7/28/2014 10:02:41 AM","False"
"train18","7/28/2014 10:02:52 AM","False"
"train19","7/28/2014 10:03:03 AM","False"
"train2","7/24/2015 4:48:46 PM","False"
"train20","7/28/2014 10:03:34 AM","False"
"train21","7/28/2014 10:06:02 AM","False"
"train22","7/28/2014 10:06:13 AM","False"
"train23","7/26/2013 3:02:29 PM","False"
"train24","7/26/2013 3:02:47 PM","False"
"train25","7/26/2013 3:03:06 PM","False"
"train26","7/26/2013 3:03:27 PM","False"
"train3","7/24/2015 4:48:57 PM","False"
"train4","7/24/2015 4:49:03 PM","False"
"train5","7/24/2015 4:49:08 PM","False"
"train6","7/24/2015 4:49:15 PM","False"
"train7","7/24/2015 4:49:31 PM","False"
"train8","7/24/2015 4:49:37 PM","False"
"train9","7/24/2015 4:49:43 PM","False"
"Trammell, Hannah",,"False"
"Traywick, Cassandra","8/10/2015 9:18:00 AM","False"
"Treated Fairly",,"False"
"Trezza, Joseph","8/18/2015 11:30:21 AM","False"
"Troup, Stella","9/15/2015 9:43:29 AM","False"
"Tsymoshenko, Pavlo",,"False"
"Tuck, Brenda","8/31/2015 3:30:35 PM","False"
"Tucker, Jenna","9/25/2015 9:07:35 AM","False"
"Tufnell, Katie","8/24/2015 7:38:33 AM","False"
"Tullos, Melanie","8/18/2015 3:13:37 PM","False"
"Tutt, Ted","7/14/2015 2:50:39 PM","False"
"Tweeddale, Misti","7/10/2015 2:20:50 PM","False"
"Tyler, Mark","7/23/2015 7:48:26 AM","False"
"UC Srv","4/7/2015 12:30:42 PM","True"
"Ulm, Susan","8/4/2015 8:54:24 AM","False"
"unclaimedproperty","7/23/2014 1:02:48 PM","False"
"User Profile Import","8/2/2007 9:56:29 AM","True"
"Usher, Jennifer","8/3/2015 10:26:43 AM","False"
"ustestemail","7/23/2014 1:53:02 PM","False"
"UW Service Center Fax - Birmingham",,"False"
"UW Service Center Fax - Okemos",,"False"
"uwBhamTest","9/12/2012 9:12:10 AM","False"
"uwFloTest","9/12/2012 9:12:43 AM","False"
"uwOkeTest","9/12/2012 9:12:29 AM","False"
"Vadi, Malini","5/23/2014 6:00:26 PM","False"
"Valdes, Sonia","5/23/2014 6:00:26 PM","False"
"Vale, Sherry","9/25/2013 12:17:31 PM","False"
"VanDuyn, Lisa","9/2/2015 9:03:19 AM","False"
"VanDyne, James","6/25/2014 2:03:47 PM","False"
"Varden, Amanda","8/12/2015 3:11:48 PM","False"
"Varden, Terri","8/5/2015 7:54:35 AM","False"
"Vaughn, Erik","7/8/2015 7:22:23 AM","False"
"VEG-Fax","3/21/2013 12:44:28 AM","True"
"Venkatesh, Nitish","6/17/2015 9:07:04 AM","False"
"Vickery, Laura",,"False"
"Video Conference","10/23/2012 8:59:29 AM","False"
"Villamil, Barbara","8/31/2015 8:27:52 AM","False"
"Vines, Judy","8/14/2015 11:49:52 AM","False"
"Virginia Office Fax",,"False"
"Virus Alerts",,"False"
"vmturbo","2/26/2013 9:53:08 AM","True"
"VMware","8/28/2009 11:03:16 AM","True"
"vmWare SQL","4/18/2014 11:29:52 AM","True"
"Vosburgh, Jeff","7/20/2015 5:32:40 PM","False"
"Wagman, Julie","9/16/2015 4:56:42 PM","False"
"Waldrop, Bob","8/24/2015 10:24:36 AM","False"
"Wale, Jeremy","8/27/2015 8:06:29 AM","False"
"Walker, Dow","8/18/2015 3:25:05 PM","False"
"Wallace, Anna",,"False"
"Wallace, James","8/10/2015 9:18:46 AM","False"
"Walsh, Christopher","9/8/2015 11:42:55 AM","False"
"Walter, Richard","9/17/2015 10:26:07 AM","False"
"Walton, David","9/17/2015 9:14:45 AM","False"
"Ward, Amanda","8/17/2015 7:19:24 AM","False"
"Ward, Franz",,"False"
"Washington Fax","11/7/2008 2:08:49 PM","True"
"Washington Video Conference Unit","11/9/2005 12:32:44 PM","True"
"Watkins, Richard","9/24/2015 10:33:09 AM","False"
"Watson, Lori","8/3/2015 9:29:35 AM","False"
"Watts, Lisa","5/13/2015 8:28:46 AM","False"
"Weaver, Kim","9/13/2015 3:09:26 PM","False"
"Web Process","8/6/2014 7:00:00 PM","True"
"WebApps","8/27/2009 8:32:08 AM","True"
"WebBuildManager","6/12/2009 1:27:56 PM","True"
"WebEPP","7/14/2015 3:35:30 PM","True"
"Weber, Jim","8/25/2015 10:56:07 AM","False"
"Weber, Kristy","7/31/2015 5:31:31 PM","False"
"WebSite Accounting",,"False"
"WebSite Administration",,"False"
"WebSite Business Development",,"False"
"WebSite Claims/Litigation",,"False"
"WebSite Communications",,"False"
"WebSite CompanyServices",,"False"
"WebSite Education Services",,"False"
"WebSite Information",,"False"
"WebSite Information Systems",,"False"
"WebSite MAWV",,"False"
"WebSite Missouri",,"False"
"WebSite MOMEDICO",,"False"
"WebSite Personnel",,"False"
"WebSite PICI",,"False"
"WebSite Policyholder Services",,"False"
"Website Registration","6/5/2012 11:28:59 AM","False"
"WebSite Risk Management Services",,"False"
"WebSite RMHelp",,"False"
"WebSite RMNews",,"False"
"WebSite RMQuestions",,"False"
"WebSite Seminar Registration","11/6/2007 3:56:59 PM","False"
"Website Test","2/25/2014 5:15:41 PM","False"
"WebSite Underwriting",,"False"
"Wells, Allison","7/14/2015 9:00:39 AM","False"
"Wells, Brent","7/20/2015 10:09:27 AM","False"
"Wenzel, Melinda","8/11/2015 9:01:36 AM","False"
"Werner, Cathy","8/3/2015 7:28:21 AM","False"
"Wervey, Susan","8/3/2015 9:15:39 AM","False"
"Whatley, April","8/24/2015 11:51:18 AM","False"
"Whisonant, John","3/26/2014 10:45:57 AM","False"
"Whiteside, Hayes","7/9/2015 11:37:53 AM","False"
"Whitman, Jonathan","7/28/2015 9:13:44 AM","False"
"Whitmire, Debbie","9/21/2015 9:19:32 AM","False"
"Wilkes, Mark","9/21/2015 9:42:23 AM","False"
"Williams, Kammy","9/16/2015 1:38:31 PM","False"
"Williams, Lori","4/21/2015 11:39:36 AM","False"
"Williams, Terri","7/14/2015 4:56:06 PM","False"
"Wills, Meredith","8/24/2015 9:06:56 AM","False"
"Winslett, Ashley","7/16/2015 10:47:59 AM","False"
"Winston, Pernell","8/14/2015 12:48:27 PM","False"
"Wisconsin PCF","6/13/2011 11:19:55 AM","False"
"Withem, Chris",,"False"
"WLS-ADMIN","5/22/2015 4:43:31 PM","True"
"Wolfe, Muriel","8/3/2015 7:19:23 AM","False"
"Wood, Cindy","8/20/2015 9:19:04 AM","False"
"Wood, Greg","8/24/2015 9:51:03 AM","False"
"Wood, Harper","9/8/2015 11:23:07 AM","False"
"Woodroof, Adalene","9/25/2015 8:57:39 AM","False"
"Wraback, Fanny","8/6/2015 11:56:50 AM","False"
"Wrenne, Jill","7/24/2015 8:43:05 AM","False"
"Wright, Jasmine","8/31/2015 9:31:10 AM","False"
"Wurm, Lori","9/25/2015 2:54:58 PM","False"
"Wyrick, Lois","7/7/2015 9:40:12 AM","False"
"XenAppDB","11/2/2009 11:25:50 AM","True"
"Yezzi, Kristeb","9/9/2015 11:25:50 AM","False"
"Yonfa, Jamie","7/9/2015 11:00:58 AM","False"
"York, Breanna","9/14/2015 9:46:21 AM","False"
"Young, Chelsea","8/25/2015 9:49:31 AM","False"
"Young, Judy","8/25/2015 8:50:38 AM","False"
"Young, Teri","7/7/2015 9:34:40 AM","False"
"Yow, Brandon","5/26/2015 12:42:52 PM","False"
"Zahniser, Crystal","8/12/2015 8:26:27 AM","False"
"Zdobylak, Barbara","7/27/2015 8:31:42 AM","False"
"Zerbst, Rosie","5/6/2015 10:27:01 AM","False"
